Handle,Title,Body (HTML),Vendor,Product Category,Type,Tags,Published,Option1 Name,Option1 Value,Variant SKU,Variant Inventory Tracker,Variant Inventory Qty,Variant Inventory Policy,Variant Fulfillment Service,Variant Price,Variant Requires Shipping,Variant Taxable,Image Src,Image Position,Image Alt Text,Status
nike-air-force-1-07-low-white,Nike Air Force 1 '07 Low 'White',<p>Nike Air Force 1 '07 Low in White.</p>,Nike,Apparel & Accessories > Shoes,Sneakers,"Sportswear, sportswear, nike",FALSE,Size,UK 5,nike-air-force-1-07-low-white-uk5,shopify,0,deny,manual,2199.00,TRUE,TRUE,https://images.stockx.com/images/Nike-Air-Force-1-Low-White-07-Product.jpg,1,Nike Air Force 1 '07 Low 'White',draft
nike-air-force-1-07-low-white,,,,,,,,,UK 6,nike-air-force-1-07-low-white-uk6,shopify,0,deny,manual,2199.00,TRUE,TRUE,,,,
nike-air-force-1-07-low-white,,,,,,,,,UK 7,nike-air-force-1-07-low-white-uk7,shopify,0,deny,manual,2199.00,TRUE,TRUE,,,,
nike-air-force-1-07-low-white,,,,,,,,,UK 8,nike-air-force-1-07-low-white-uk8,shopify,0,deny,manual,2199.00,TRUE,TRUE,,,,
nike-air-force-1-07-low-white,,,,,,,,,UK 9,nike-air-force-1-07-low-white-uk9,shopify,0,deny,manual,2199.00,TRUE,TRUE,,,,
nike-air-force-1-07-low-white,,,,,,,,,UK 10,nike-air-force-1-07-low-white-uk10,shopify,0,deny,manual,2199.00,TRUE,TRUE,,,,
nike-air-force-1-07-low-white,,,,,,,,,UK 11,nike-air-force-1-07-low-white-uk11,shopify,0,deny,manual,2199.00,TRUE,TRUE,,,,
nike-air-force-1-07-low-white,,,,,,,,,UK 12,nike-air-force-1-07-low-white-uk12,shopify,0,deny,manual,2199.00,TRUE,TRUE,,,,
nike-air-force-1-07-low-black,Nike Air Force 1 '07 Low 'Black',<p>Nike Air Force 1 '07 Low in Black.</p>,Nike,Apparel & Accessories > Shoes,Sneakers,"Sportswear, sportswear, nike",FALSE,Size,UK 5,nike-air-force-1-07-low-black-uk5,shopify,0,deny,manual,2199.00,TRUE,TRUE,https://images.stockx.com/images/Nike-Air-Force-1-Low-Black-2012-Product.jpg,1,Nike Air Force 1 '07 Low 'Black',draft
nike-air-force-1-07-low-black,,,,,,,,,UK 6,nike-air-force-1-07-low-black-uk6,shopify,0,deny,manual,2199.00,TRUE,TRUE,,,,
nike-air-force-1-07-low-black,,,,,,,,,UK 7,nike-air-force-1-07-low-black-uk7,shopify,0,deny,manual,2199.00,TRUE,TRUE,,,,
nike-air-force-1-07-low-black,,,,,,,,,UK 8,nike-air-force-1-07-low-black-uk8,shopify,0,deny,manual,2199.00,TRUE,TRUE,,,,
nike-air-force-1-07-low-black,,,,,,,,,UK 9,nike-air-force-1-07-low-black-uk9,shopify,0,deny,manual,2199.00,TRUE,TRUE,,,,
nike-air-force-1-07-low-black,,,,,,,,,UK 10,nike-air-force-1-07-low-black-uk10,shopify,0,deny,manual,2199.00,TRUE,TRUE,,,,
nike-air-force-1-07-low-black,,,,,,,,,UK 11,nike-air-force-1-07-low-black-uk11,shopify,0,deny,manual,2199.00,TRUE,TRUE,,,,
nike-air-force-1-07-low-black,,,,,,,,,UK 12,nike-air-force-1-07-low-black-uk12,shopify,0,deny,manual,2199.00,TRUE,TRUE,,,,
nike-dunk-low-retro-white-black-panda,Nike Dunk Low Retro 'White Black (Panda)',<p>Nike Dunk Low Retro in White Black (Panda).</p>,Nike,Apparel & Accessories > Shoes,Sneakers,"Sportswear, sportswear, nike",FALSE,Size,UK 5,nike-dunk-low-retro-white-black-panda-uk5,shopify,0,deny,manual,2099.00,TRUE,TRUE,https://images.stockx.com/images/Nike-Dunk-Low-Retro-White-Black-2021-Product.jpg,1,Nike Dunk Low Retro 'White Black (Panda)',draft
nike-dunk-low-retro-white-black-panda,,,,,,,,,UK 6,nike-dunk-low-retro-white-black-panda-uk6,shopify,0,deny,manual,2099.00,TRUE,TRUE,,,,
nike-dunk-low-retro-white-black-panda,,,,,,,,,UK 7,nike-dunk-low-retro-white-black-panda-uk7,shopify,0,deny,manual,2099.00,TRUE,TRUE,,,,
nike-dunk-low-retro-white-black-panda,,,,,,,,,UK 8,nike-dunk-low-retro-white-black-panda-uk8,shopify,0,deny,manual,2099.00,TRUE,TRUE,,,,
nike-dunk-low-retro-white-black-panda,,,,,,,,,UK 9,nike-dunk-low-retro-white-black-panda-uk9,shopify,0,deny,manual,2099.00,TRUE,TRUE,,,,
nike-dunk-low-retro-white-black-panda,,,,,,,,,UK 10,nike-dunk-low-retro-white-black-panda-uk10,shopify,0,deny,manual,2099.00,TRUE,TRUE,,,,
nike-dunk-low-retro-white-black-panda,,,,,,,,,UK 11,nike-dunk-low-retro-white-black-panda-uk11,shopify,0,deny,manual,2099.00,TRUE,TRUE,,,,
nike-dunk-low-retro-white-black-panda,,,,,,,,,UK 12,nike-dunk-low-retro-white-black-panda-uk12,shopify,0,deny,manual,2099.00,TRUE,TRUE,,,,
nike-dunk-low-retro-grey-fog,Nike Dunk Low Retro 'Grey Fog',<p>Nike Dunk Low Retro in Grey Fog.</p>,Nike,Apparel & Accessories > Shoes,Sneakers,"Sportswear, sportswear, nike",FALSE,Size,UK 5,nike-dunk-low-retro-grey-fog-uk5,shopify,0,deny,manual,2099.00,TRUE,TRUE,https://images.stockx.com/images/Nike-Dunk-Low-Grey-Fog-Product.jpg,1,Nike Dunk Low Retro 'Grey Fog',draft
nike-dunk-low-retro-grey-fog,,,,,,,,,UK 6,nike-dunk-low-retro-grey-fog-uk6,shopify,0,deny,manual,2099.00,TRUE,TRUE,,,,
nike-dunk-low-retro-grey-fog,,,,,,,,,UK 7,nike-dunk-low-retro-grey-fog-uk7,shopify,0,deny,manual,2099.00,TRUE,TRUE,,,,
nike-dunk-low-retro-grey-fog,,,,,,,,,UK 8,nike-dunk-low-retro-grey-fog-uk8,shopify,0,deny,manual,2099.00,TRUE,TRUE,,,,
nike-dunk-low-retro-grey-fog,,,,,,,,,UK 9,nike-dunk-low-retro-grey-fog-uk9,shopify,0,deny,manual,2099.00,TRUE,TRUE,,,,
nike-dunk-low-retro-grey-fog,,,,,,,,,UK 10,nike-dunk-low-retro-grey-fog-uk10,shopify,0,deny,manual,2099.00,TRUE,TRUE,,,,
nike-dunk-low-retro-grey-fog,,,,,,,,,UK 11,nike-dunk-low-retro-grey-fog-uk11,shopify,0,deny,manual,2099.00,TRUE,TRUE,,,,
nike-dunk-low-retro-grey-fog,,,,,,,,,UK 12,nike-dunk-low-retro-grey-fog-uk12,shopify,0,deny,manual,2099.00,TRUE,TRUE,,,,
nike-air-max-90-infrared,Nike Air Max 90 'Infrared',<p>Nike Air Max 90 in Infrared.</p>,Nike,Apparel & Accessories > Shoes,Sneakers,"Sportswear, sportswear, nike",FALSE,Size,UK 5,nike-air-max-90-infrared-uk5,shopify,0,deny,manual,2799.00,TRUE,TRUE,https://images.stockx.com/images/Nike-Air-Max-90-Infrared-2020-Product.jpg,1,Nike Air Max 90 'Infrared',draft
nike-air-max-90-infrared,,,,,,,,,UK 6,nike-air-max-90-infrared-uk6,shopify,0,deny,manual,2799.00,TRUE,TRUE,,,,
nike-air-max-90-infrared,,,,,,,,,UK 7,nike-air-max-90-infrared-uk7,shopify,0,deny,manual,2799.00,TRUE,TRUE,,,,
nike-air-max-90-infrared,,,,,,,,,UK 8,nike-air-max-90-infrared-uk8,shopify,0,deny,manual,2799.00,TRUE,TRUE,,,,
nike-air-max-90-infrared,,,,,,,,,UK 9,nike-air-max-90-infrared-uk9,shopify,0,deny,manual,2799.00,TRUE,TRUE,,,,
nike-air-max-90-infrared,,,,,,,,,UK 10,nike-air-max-90-infrared-uk10,shopify,0,deny,manual,2799.00,TRUE,TRUE,,,,
nike-air-max-90-infrared,,,,,,,,,UK 11,nike-air-max-90-infrared-uk11,shopify,0,deny,manual,2799.00,TRUE,TRUE,,,,
nike-air-max-90-infrared,,,,,,,,,UK 12,nike-air-max-90-infrared-uk12,shopify,0,deny,manual,2799.00,TRUE,TRUE,,,,
nike-air-max-95-og-neon,Nike Air Max 95 OG 'Neon',<p>Nike Air Max 95 OG in Neon.</p>,Nike,Apparel & Accessories > Shoes,Sneakers,"Sportswear, sportswear, nike",FALSE,Size,UK 5,nike-air-max-95-og-neon-uk5,shopify,0,deny,manual,3499.00,TRUE,TRUE,https://images.stockx.com/images/Nike-Air-Max-95-OG-Neon-2020-Product.jpg,1,Nike Air Max 95 OG 'Neon',draft
nike-air-max-95-og-neon,,,,,,,,,UK 6,nike-air-max-95-og-neon-uk6,shopify,0,deny,manual,3499.00,TRUE,TRUE,,,,
nike-air-max-95-og-neon,,,,,,,,,UK 7,nike-air-max-95-og-neon-uk7,shopify,0,deny,manual,3499.00,TRUE,TRUE,,,,
nike-air-max-95-og-neon,,,,,,,,,UK 8,nike-air-max-95-og-neon-uk8,shopify,0,deny,manual,3499.00,TRUE,TRUE,,,,
nike-air-max-95-og-neon,,,,,,,,,UK 9,nike-air-max-95-og-neon-uk9,shopify,0,deny,manual,3499.00,TRUE,TRUE,,,,
nike-air-max-95-og-neon,,,,,,,,,UK 10,nike-air-max-95-og-neon-uk10,shopify,0,deny,manual,3499.00,TRUE,TRUE,,,,
nike-air-max-95-og-neon,,,,,,,,,UK 11,nike-air-max-95-og-neon-uk11,shopify,0,deny,manual,3499.00,TRUE,TRUE,,,,
nike-air-max-95-og-neon,,,,,,,,,UK 12,nike-air-max-95-og-neon-uk12,shopify,0,deny,manual,3499.00,TRUE,TRUE,,,,
nike-air-max-97-silver-bullet,Nike Air Max 97 'Silver Bullet',<p>Nike Air Max 97 in Silver Bullet.</p>,Nike,Apparel & Accessories > Shoes,Sneakers,"Sportswear, sportswear, nike",FALSE,Size,UK 5,nike-air-max-97-silver-bullet-uk5,shopify,0,deny,manual,3699.00,TRUE,TRUE,https://images.stockx.com/images/Nike-Air-Max-97-OG-QS-Silver-Bullet-2017-Product.jpg,1,Nike Air Max 97 'Silver Bullet',draft
nike-air-max-97-silver-bullet,,,,,,,,,UK 6,nike-air-max-97-silver-bullet-uk6,shopify,0,deny,manual,3699.00,TRUE,TRUE,,,,
nike-air-max-97-silver-bullet,,,,,,,,,UK 7,nike-air-max-97-silver-bullet-uk7,shopify,0,deny,manual,3699.00,TRUE,TRUE,,,,
nike-air-max-97-silver-bullet,,,,,,,,,UK 8,nike-air-max-97-silver-bullet-uk8,shopify,0,deny,manual,3699.00,TRUE,TRUE,,,,
nike-air-max-97-silver-bullet,,,,,,,,,UK 9,nike-air-max-97-silver-bullet-uk9,shopify,0,deny,manual,3699.00,TRUE,TRUE,,,,
nike-air-max-97-silver-bullet,,,,,,,,,UK 10,nike-air-max-97-silver-bullet-uk10,shopify,0,deny,manual,3699.00,TRUE,TRUE,,,,
nike-air-max-97-silver-bullet,,,,,,,,,UK 11,nike-air-max-97-silver-bullet-uk11,shopify,0,deny,manual,3699.00,TRUE,TRUE,,,,
nike-air-max-97-silver-bullet,,,,,,,,,UK 12,nike-air-max-97-silver-bullet-uk12,shopify,0,deny,manual,3699.00,TRUE,TRUE,,,,
nike-air-max-plus-tn-black,Nike Air Max Plus TN 'Black',<p>Nike Air Max Plus TN in Black.</p>,Nike,Apparel & Accessories > Shoes,Sneakers,"Sportswear, sportswear, nike",FALSE,Size,UK 5,nike-air-max-plus-tn-black-uk5,shopify,0,deny,manual,3699.00,TRUE,TRUE,https://images.stockx.com/images/Nike-Air-Max-Plus-Triple-Black-Product.jpg,1,Nike Air Max Plus TN 'Black',draft
nike-air-max-plus-tn-black,,,,,,,,,UK 6,nike-air-max-plus-tn-black-uk6,shopify,0,deny,manual,3699.00,TRUE,TRUE,,,,
nike-air-max-plus-tn-black,,,,,,,,,UK 7,nike-air-max-plus-tn-black-uk7,shopify,0,deny,manual,3699.00,TRUE,TRUE,,,,
nike-air-max-plus-tn-black,,,,,,,,,UK 8,nike-air-max-plus-tn-black-uk8,shopify,0,deny,manual,3699.00,TRUE,TRUE,,,,
nike-air-max-plus-tn-black,,,,,,,,,UK 9,nike-air-max-plus-tn-black-uk9,shopify,0,deny,manual,3699.00,TRUE,TRUE,,,,
nike-air-max-plus-tn-black,,,,,,,,,UK 10,nike-air-max-plus-tn-black-uk10,shopify,0,deny,manual,3699.00,TRUE,TRUE,,,,
nike-air-max-plus-tn-black,,,,,,,,,UK 11,nike-air-max-plus-tn-black-uk11,shopify,0,deny,manual,3699.00,TRUE,TRUE,,,,
nike-air-max-plus-tn-black,,,,,,,,,UK 12,nike-air-max-plus-tn-black-uk12,shopify,0,deny,manual,3699.00,TRUE,TRUE,,,,
nike-air-max-1-86-og-big-bubble-red,Nike Air Max 1 '86 OG 'Big Bubble Red',<p>Nike Air Max 1 '86 OG in Big Bubble Red.</p>,Nike,Apparel & Accessories > Shoes,Sneakers,"Sportswear, sportswear, nike",FALSE,Size,UK 5,nike-air-max-1-86-og-big-bubble-red-uk5,shopify,0,deny,manual,3299.00,TRUE,TRUE,https://images.stockx.com/images/Nike-Air-Max-1-86-OG-Big-Bubble-Red-Product.jpg,1,Nike Air Max 1 '86 OG 'Big Bubble Red',draft
nike-air-max-1-86-og-big-bubble-red,,,,,,,,,UK 6,nike-air-max-1-86-og-big-bubble-red-uk6,shopify,0,deny,manual,3299.00,TRUE,TRUE,,,,
nike-air-max-1-86-og-big-bubble-red,,,,,,,,,UK 7,nike-air-max-1-86-og-big-bubble-red-uk7,shopify,0,deny,manual,3299.00,TRUE,TRUE,,,,
nike-air-max-1-86-og-big-bubble-red,,,,,,,,,UK 8,nike-air-max-1-86-og-big-bubble-red-uk8,shopify,0,deny,manual,3299.00,TRUE,TRUE,,,,
nike-air-max-1-86-og-big-bubble-red,,,,,,,,,UK 9,nike-air-max-1-86-og-big-bubble-red-uk9,shopify,0,deny,manual,3299.00,TRUE,TRUE,,,,
nike-air-max-1-86-og-big-bubble-red,,,,,,,,,UK 10,nike-air-max-1-86-og-big-bubble-red-uk10,shopify,0,deny,manual,3299.00,TRUE,TRUE,,,,
nike-air-max-1-86-og-big-bubble-red,,,,,,,,,UK 11,nike-air-max-1-86-og-big-bubble-red-uk11,shopify,0,deny,manual,3299.00,TRUE,TRUE,,,,
nike-air-max-1-86-og-big-bubble-red,,,,,,,,,UK 12,nike-air-max-1-86-og-big-bubble-red-uk12,shopify,0,deny,manual,3299.00,TRUE,TRUE,,,,
nike-blazer-mid-77-vintage-white-black,Nike Blazer Mid '77 Vintage 'White Black',<p>Nike Blazer Mid '77 Vintage in White Black.</p>,Nike,Apparel & Accessories > Shoes,Sneakers,"Sportswear, sportswear, nike",FALSE,Size,UK 5,nike-blazer-mid-77-vintage-white-black-uk5,shopify,0,deny,manual,1899.00,TRUE,TRUE,https://images.stockx.com/images/Nike-Blazer-Mid-77-Vintage-White-Black-Product.jpg,1,Nike Blazer Mid '77 Vintage 'White Black',draft
nike-blazer-mid-77-vintage-white-black,,,,,,,,,UK 6,nike-blazer-mid-77-vintage-white-black-uk6,shopify,0,deny,manual,1899.00,TRUE,TRUE,,,,
nike-blazer-mid-77-vintage-white-black,,,,,,,,,UK 7,nike-blazer-mid-77-vintage-white-black-uk7,shopify,0,deny,manual,1899.00,TRUE,TRUE,,,,
nike-blazer-mid-77-vintage-white-black,,,,,,,,,UK 8,nike-blazer-mid-77-vintage-white-black-uk8,shopify,0,deny,manual,1899.00,TRUE,TRUE,,,,
nike-blazer-mid-77-vintage-white-black,,,,,,,,,UK 9,nike-blazer-mid-77-vintage-white-black-uk9,shopify,0,deny,manual,1899.00,TRUE,TRUE,,,,
nike-blazer-mid-77-vintage-white-black,,,,,,,,,UK 10,nike-blazer-mid-77-vintage-white-black-uk10,shopify,0,deny,manual,1899.00,TRUE,TRUE,,,,
nike-blazer-mid-77-vintage-white-black,,,,,,,,,UK 11,nike-blazer-mid-77-vintage-white-black-uk11,shopify,0,deny,manual,1899.00,TRUE,TRUE,,,,
nike-blazer-mid-77-vintage-white-black,,,,,,,,,UK 12,nike-blazer-mid-77-vintage-white-black-uk12,shopify,0,deny,manual,1899.00,TRUE,TRUE,,,,
nike-cortez-white-varsity-red,Nike Cortez 'White Varsity Red',<p>Nike Cortez in White Varsity Red.</p>,Nike,Apparel & Accessories > Shoes,Sneakers,"Sportswear, sportswear, nike",FALSE,Size,UK 5,nike-cortez-white-varsity-red-uk5,shopify,0,deny,manual,1799.00,TRUE,TRUE,https://images.stockx.com/images/Nike-Cortez-White-Varsity-Red-Varsity-Royal-2023-Product.jpg,1,Nike Cortez 'White Varsity Red',draft
nike-cortez-white-varsity-red,,,,,,,,,UK 6,nike-cortez-white-varsity-red-uk6,shopify,0,deny,manual,1799.00,TRUE,TRUE,,,,
nike-cortez-white-varsity-red,,,,,,,,,UK 7,nike-cortez-white-varsity-red-uk7,shopify,0,deny,manual,1799.00,TRUE,TRUE,,,,
nike-cortez-white-varsity-red,,,,,,,,,UK 8,nike-cortez-white-varsity-red-uk8,shopify,0,deny,manual,1799.00,TRUE,TRUE,,,,
nike-cortez-white-varsity-red,,,,,,,,,UK 9,nike-cortez-white-varsity-red-uk9,shopify,0,deny,manual,1799.00,TRUE,TRUE,,,,
nike-cortez-white-varsity-red,,,,,,,,,UK 10,nike-cortez-white-varsity-red-uk10,shopify,0,deny,manual,1799.00,TRUE,TRUE,,,,
nike-cortez-white-varsity-red,,,,,,,,,UK 11,nike-cortez-white-varsity-red-uk11,shopify,0,deny,manual,1799.00,TRUE,TRUE,,,,
nike-cortez-white-varsity-red,,,,,,,,,UK 12,nike-cortez-white-varsity-red-uk12,shopify,0,deny,manual,1799.00,TRUE,TRUE,,,,
nike-p-6000-metallic-silver,Nike P-6000 'Metallic Silver',<p>Nike P-6000 in Metallic Silver.</p>,Nike,Apparel & Accessories > Shoes,Sneakers,"Sportswear, sportswear, nike",FALSE,Size,UK 5,nike-p-6000-metallic-silver-uk5,shopify,0,deny,manual,2299.00,TRUE,TRUE,https://images.stockx.com/images/Nike-P-6000-Metallic-Silver-Product.jpg,1,Nike P-6000 'Metallic Silver',draft
nike-p-6000-metallic-silver,,,,,,,,,UK 6,nike-p-6000-metallic-silver-uk6,shopify,0,deny,manual,2299.00,TRUE,TRUE,,,,
nike-p-6000-metallic-silver,,,,,,,,,UK 7,nike-p-6000-metallic-silver-uk7,shopify,0,deny,manual,2299.00,TRUE,TRUE,,,,
nike-p-6000-metallic-silver,,,,,,,,,UK 8,nike-p-6000-metallic-silver-uk8,shopify,0,deny,manual,2299.00,TRUE,TRUE,,,,
nike-p-6000-metallic-silver,,,,,,,,,UK 9,nike-p-6000-metallic-silver-uk9,shopify,0,deny,manual,2299.00,TRUE,TRUE,,,,
nike-p-6000-metallic-silver,,,,,,,,,UK 10,nike-p-6000-metallic-silver-uk10,shopify,0,deny,manual,2299.00,TRUE,TRUE,,,,
nike-p-6000-metallic-silver,,,,,,,,,UK 11,nike-p-6000-metallic-silver-uk11,shopify,0,deny,manual,2299.00,TRUE,TRUE,,,,
nike-p-6000-metallic-silver,,,,,,,,,UK 12,nike-p-6000-metallic-silver-uk12,shopify,0,deny,manual,2299.00,TRUE,TRUE,,,,
nike-zoom-vomero-5-photon-dust,Nike Zoom Vomero 5 'Photon Dust',<p>Nike Zoom Vomero 5 in Photon Dust.</p>,Nike,Apparel & Accessories > Shoes,Sneakers,"Sportswear, sportswear, nike",FALSE,Size,UK 5,nike-zoom-vomero-5-photon-dust-uk5,shopify,0,deny,manual,3199.00,TRUE,TRUE,https://images.stockx.com/images/Nike-Zoom-Vomero-5-Photon-Dust-Metallic-Silver-W-Product.jpg,1,Nike Zoom Vomero 5 'Photon Dust',draft
nike-zoom-vomero-5-photon-dust,,,,,,,,,UK 6,nike-zoom-vomero-5-photon-dust-uk6,shopify,0,deny,manual,3199.00,TRUE,TRUE,,,,
nike-zoom-vomero-5-photon-dust,,,,,,,,,UK 7,nike-zoom-vomero-5-photon-dust-uk7,shopify,0,deny,manual,3199.00,TRUE,TRUE,,,,
nike-zoom-vomero-5-photon-dust,,,,,,,,,UK 8,nike-zoom-vomero-5-photon-dust-uk8,shopify,0,deny,manual,3199.00,TRUE,TRUE,,,,
nike-zoom-vomero-5-photon-dust,,,,,,,,,UK 9,nike-zoom-vomero-5-photon-dust-uk9,shopify,0,deny,manual,3199.00,TRUE,TRUE,,,,
nike-zoom-vomero-5-photon-dust,,,,,,,,,UK 10,nike-zoom-vomero-5-photon-dust-uk10,shopify,0,deny,manual,3199.00,TRUE,TRUE,,,,
nike-zoom-vomero-5-photon-dust,,,,,,,,,UK 11,nike-zoom-vomero-5-photon-dust-uk11,shopify,0,deny,manual,3199.00,TRUE,TRUE,,,,
nike-zoom-vomero-5-photon-dust,,,,,,,,,UK 12,nike-zoom-vomero-5-photon-dust-uk12,shopify,0,deny,manual,3199.00,TRUE,TRUE,,,,
nike-shox-tl-black-max-orange,Nike Shox TL 'Black Max Orange',<p>Nike Shox TL in Black Max Orange.</p>,Nike,Apparel & Accessories > Shoes,Sneakers,"Sportswear, sportswear, nike",FALSE,Size,UK 5,nike-shox-tl-black-max-orange-uk5,shopify,0,deny,manual,3699.00,TRUE,TRUE,https://images.stockx.com/images/Nike-Shox-TL-Black-Max-Orange-Product.jpg,1,Nike Shox TL 'Black Max Orange',draft
nike-shox-tl-black-max-orange,,,,,,,,,UK 6,nike-shox-tl-black-max-orange-uk6,shopify,0,deny,manual,3699.00,TRUE,TRUE,,,,
nike-shox-tl-black-max-orange,,,,,,,,,UK 7,nike-shox-tl-black-max-orange-uk7,shopify,0,deny,manual,3699.00,TRUE,TRUE,,,,
nike-shox-tl-black-max-orange,,,,,,,,,UK 8,nike-shox-tl-black-max-orange-uk8,shopify,0,deny,manual,3699.00,TRUE,TRUE,,,,
nike-shox-tl-black-max-orange,,,,,,,,,UK 9,nike-shox-tl-black-max-orange-uk9,shopify,0,deny,manual,3699.00,TRUE,TRUE,,,,
nike-shox-tl-black-max-orange,,,,,,,,,UK 10,nike-shox-tl-black-max-orange-uk10,shopify,0,deny,manual,3699.00,TRUE,TRUE,,,,
nike-shox-tl-black-max-orange,,,,,,,,,UK 11,nike-shox-tl-black-max-orange-uk11,shopify,0,deny,manual,3699.00,TRUE,TRUE,,,,
nike-shox-tl-black-max-orange,,,,,,,,,UK 12,nike-shox-tl-black-max-orange-uk12,shopify,0,deny,manual,3699.00,TRUE,TRUE,,,,
jordan-air-jordan-1-low-wolf-grey,Jordan Air Jordan 1 Low 'Wolf Grey',<p>Jordan Air Jordan 1 Low in Wolf Grey.</p>,Jordan,Apparel & Accessories > Shoes,Sneakers,"Sportswear, sportswear, jordan",FALSE,Size,UK 5,jordan-air-jordan-1-low-wolf-grey-uk5,shopify,0,deny,manual,2399.00,TRUE,TRUE,https://images.stockx.com/images/Air-Jordan-1-Low-Wolf-Grey-Product.jpg,1,Jordan Air Jordan 1 Low 'Wolf Grey',draft
jordan-air-jordan-1-low-wolf-grey,,,,,,,,,UK 6,jordan-air-jordan-1-low-wolf-grey-uk6,shopify,0,deny,manual,2399.00,TRUE,TRUE,,,,
jordan-air-jordan-1-low-wolf-grey,,,,,,,,,UK 7,jordan-air-jordan-1-low-wolf-grey-uk7,shopify,0,deny,manual,2399.00,TRUE,TRUE,,,,
jordan-air-jordan-1-low-wolf-grey,,,,,,,,,UK 8,jordan-air-jordan-1-low-wolf-grey-uk8,shopify,0,deny,manual,2399.00,TRUE,TRUE,,,,
jordan-air-jordan-1-low-wolf-grey,,,,,,,,,UK 9,jordan-air-jordan-1-low-wolf-grey-uk9,shopify,0,deny,manual,2399.00,TRUE,TRUE,,,,
jordan-air-jordan-1-low-wolf-grey,,,,,,,,,UK 10,jordan-air-jordan-1-low-wolf-grey-uk10,shopify,0,deny,manual,2399.00,TRUE,TRUE,,,,
jordan-air-jordan-1-low-wolf-grey,,,,,,,,,UK 11,jordan-air-jordan-1-low-wolf-grey-uk11,shopify,0,deny,manual,2399.00,TRUE,TRUE,,,,
jordan-air-jordan-1-low-wolf-grey,,,,,,,,,UK 12,jordan-air-jordan-1-low-wolf-grey-uk12,shopify,0,deny,manual,2399.00,TRUE,TRUE,,,,
jordan-air-jordan-1-retro-high-og-chicago-lost-found,Jordan Air Jordan 1 Retro High OG 'Chicago Lost & Found',<p>Jordan Air Jordan 1 Retro High OG in Chicago Lost & Found.</p>,Jordan,Apparel & Accessories > Shoes,Sneakers,"Rare & Hype, rare, jordan",FALSE,Size,UK 5,jordan-air-jordan-1-retro-high-og-chicago-lost-found-uk5,shopify,0,deny,manual,9500.00,TRUE,TRUE,https://images.stockx.com/images/Air-Jordan-1-Retro-High-OG-Chicago-Reimagined-Product.jpg,1,Jordan Air Jordan 1 Retro High OG 'Chicago Lost & Found',draft
jordan-air-jordan-1-retro-high-og-chicago-lost-found,,,,,,,,,UK 6,jordan-air-jordan-1-retro-high-og-chicago-lost-found-uk6,shopify,0,deny,manual,9500.00,TRUE,TRUE,,,,
jordan-air-jordan-1-retro-high-og-chicago-lost-found,,,,,,,,,UK 7,jordan-air-jordan-1-retro-high-og-chicago-lost-found-uk7,shopify,0,deny,manual,9500.00,TRUE,TRUE,,,,
jordan-air-jordan-1-retro-high-og-chicago-lost-found,,,,,,,,,UK 8,jordan-air-jordan-1-retro-high-og-chicago-lost-found-uk8,shopify,0,deny,manual,9500.00,TRUE,TRUE,,,,
jordan-air-jordan-1-retro-high-og-chicago-lost-found,,,,,,,,,UK 9,jordan-air-jordan-1-retro-high-og-chicago-lost-found-uk9,shopify,0,deny,manual,9500.00,TRUE,TRUE,,,,
jordan-air-jordan-1-retro-high-og-chicago-lost-found,,,,,,,,,UK 10,jordan-air-jordan-1-retro-high-og-chicago-lost-found-uk10,shopify,0,deny,manual,9500.00,TRUE,TRUE,,,,
jordan-air-jordan-1-retro-high-og-chicago-lost-found,,,,,,,,,UK 11,jordan-air-jordan-1-retro-high-og-chicago-lost-found-uk11,shopify,0,deny,manual,9500.00,TRUE,TRUE,,,,
jordan-air-jordan-1-retro-high-og-chicago-lost-found,,,,,,,,,UK 12,jordan-air-jordan-1-retro-high-og-chicago-lost-found-uk12,shopify,0,deny,manual,9500.00,TRUE,TRUE,,,,
jordan-air-jordan-3-retro-white-cement-reimagined,Jordan Air Jordan 3 Retro 'White Cement Reimagined',<p>Jordan Air Jordan 3 Retro in White Cement Reimagined.</p>,Jordan,Apparel & Accessories > Shoes,Sneakers,"Sportswear, sportswear, jordan",FALSE,Size,UK 5,jordan-air-jordan-3-retro-white-cement-reimagined-uk5,shopify,0,deny,manual,4299.00,TRUE,TRUE,https://images.stockx.com/images/Air-Jordan-3-Retro-White-Cement-Reimagined-Product.jpg,1,Jordan Air Jordan 3 Retro 'White Cement Reimagined',draft
jordan-air-jordan-3-retro-white-cement-reimagined,,,,,,,,,UK 6,jordan-air-jordan-3-retro-white-cement-reimagined-uk6,shopify,0,deny,manual,4299.00,TRUE,TRUE,,,,
jordan-air-jordan-3-retro-white-cement-reimagined,,,,,,,,,UK 7,jordan-air-jordan-3-retro-white-cement-reimagined-uk7,shopify,0,deny,manual,4299.00,TRUE,TRUE,,,,
jordan-air-jordan-3-retro-white-cement-reimagined,,,,,,,,,UK 8,jordan-air-jordan-3-retro-white-cement-reimagined-uk8,shopify,0,deny,manual,4299.00,TRUE,TRUE,,,,
jordan-air-jordan-3-retro-white-cement-reimagined,,,,,,,,,UK 9,jordan-air-jordan-3-retro-white-cement-reimagined-uk9,shopify,0,deny,manual,4299.00,TRUE,TRUE,,,,
jordan-air-jordan-3-retro-white-cement-reimagined,,,,,,,,,UK 10,jordan-air-jordan-3-retro-white-cement-reimagined-uk10,shopify,0,deny,manual,4299.00,TRUE,TRUE,,,,
jordan-air-jordan-3-retro-white-cement-reimagined,,,,,,,,,UK 11,jordan-air-jordan-3-retro-white-cement-reimagined-uk11,shopify,0,deny,manual,4299.00,TRUE,TRUE,,,,
jordan-air-jordan-3-retro-white-cement-reimagined,,,,,,,,,UK 12,jordan-air-jordan-3-retro-white-cement-reimagined-uk12,shopify,0,deny,manual,4299.00,TRUE,TRUE,,,,
jordan-air-jordan-4-retro-military-black,Jordan Air Jordan 4 Retro 'Military Black',<p>Jordan Air Jordan 4 Retro in Military Black.</p>,Jordan,Apparel & Accessories > Shoes,Sneakers,"Sportswear, sportswear, jordan",FALSE,Size,UK 5,jordan-air-jordan-4-retro-military-black-uk5,shopify,0,deny,manual,4299.00,TRUE,TRUE,https://images.stockx.com/images/Air-Jordan-4-Retro-Military-Black-Product.jpg,1,Jordan Air Jordan 4 Retro 'Military Black',draft
jordan-air-jordan-4-retro-military-black,,,,,,,,,UK 6,jordan-air-jordan-4-retro-military-black-uk6,shopify,0,deny,manual,4299.00,TRUE,TRUE,,,,
jordan-air-jordan-4-retro-military-black,,,,,,,,,UK 7,jordan-air-jordan-4-retro-military-black-uk7,shopify,0,deny,manual,4299.00,TRUE,TRUE,,,,
jordan-air-jordan-4-retro-military-black,,,,,,,,,UK 8,jordan-air-jordan-4-retro-military-black-uk8,shopify,0,deny,manual,4299.00,TRUE,TRUE,,,,
jordan-air-jordan-4-retro-military-black,,,,,,,,,UK 9,jordan-air-jordan-4-retro-military-black-uk9,shopify,0,deny,manual,4299.00,TRUE,TRUE,,,,
jordan-air-jordan-4-retro-military-black,,,,,,,,,UK 10,jordan-air-jordan-4-retro-military-black-uk10,shopify,0,deny,manual,4299.00,TRUE,TRUE,,,,
jordan-air-jordan-4-retro-military-black,,,,,,,,,UK 11,jordan-air-jordan-4-retro-military-black-uk11,shopify,0,deny,manual,4299.00,TRUE,TRUE,,,,
jordan-air-jordan-4-retro-military-black,,,,,,,,,UK 12,jordan-air-jordan-4-retro-military-black-uk12,shopify,0,deny,manual,4299.00,TRUE,TRUE,,,,
jordan-air-jordan-4-retro-bred-reimagined,Jordan Air Jordan 4 Retro 'Bred Reimagined',<p>Jordan Air Jordan 4 Retro in Bred Reimagined.</p>,Jordan,Apparel & Accessories > Shoes,Sneakers,"Rare & Hype, rare, jordan",FALSE,Size,UK 5,jordan-air-jordan-4-retro-bred-reimagined-uk5,shopify,0,deny,manual,6500.00,TRUE,TRUE,https://images.stockx.com/images/Air-Jordan-4-Retro-Bred-Reimagined-Product.jpg,1,Jordan Air Jordan 4 Retro 'Bred Reimagined',draft
jordan-air-jordan-4-retro-bred-reimagined,,,,,,,,,UK 6,jordan-air-jordan-4-retro-bred-reimagined-uk6,shopify,0,deny,manual,6500.00,TRUE,TRUE,,,,
jordan-air-jordan-4-retro-bred-reimagined,,,,,,,,,UK 7,jordan-air-jordan-4-retro-bred-reimagined-uk7,shopify,0,deny,manual,6500.00,TRUE,TRUE,,,,
jordan-air-jordan-4-retro-bred-reimagined,,,,,,,,,UK 8,jordan-air-jordan-4-retro-bred-reimagined-uk8,shopify,0,deny,manual,6500.00,TRUE,TRUE,,,,
jordan-air-jordan-4-retro-bred-reimagined,,,,,,,,,UK 9,jordan-air-jordan-4-retro-bred-reimagined-uk9,shopify,0,deny,manual,6500.00,TRUE,TRUE,,,,
jordan-air-jordan-4-retro-bred-reimagined,,,,,,,,,UK 10,jordan-air-jordan-4-retro-bred-reimagined-uk10,shopify,0,deny,manual,6500.00,TRUE,TRUE,,,,
jordan-air-jordan-4-retro-bred-reimagined,,,,,,,,,UK 11,jordan-air-jordan-4-retro-bred-reimagined-uk11,shopify,0,deny,manual,6500.00,TRUE,TRUE,,,,
jordan-air-jordan-4-retro-bred-reimagined,,,,,,,,,UK 12,jordan-air-jordan-4-retro-bred-reimagined-uk12,shopify,0,deny,manual,6500.00,TRUE,TRUE,,,,
jordan-air-jordan-11-retro-gratitude,Jordan Air Jordan 11 Retro 'Gratitude',<p>Jordan Air Jordan 11 Retro in Gratitude.</p>,Jordan,Apparel & Accessories > Shoes,Sneakers,"Sportswear, sportswear, jordan",FALSE,Size,UK 5,jordan-air-jordan-11-retro-gratitude-uk5,shopify,0,deny,manual,4499.00,TRUE,TRUE,https://images.stockx.com/images/Air-Jordan-11-Retro-DMP-Gratitude-2023-Product.jpg,1,Jordan Air Jordan 11 Retro 'Gratitude',draft
jordan-air-jordan-11-retro-gratitude,,,,,,,,,UK 6,jordan-air-jordan-11-retro-gratitude-uk6,shopify,0,deny,manual,4499.00,TRUE,TRUE,,,,
jordan-air-jordan-11-retro-gratitude,,,,,,,,,UK 7,jordan-air-jordan-11-retro-gratitude-uk7,shopify,0,deny,manual,4499.00,TRUE,TRUE,,,,
jordan-air-jordan-11-retro-gratitude,,,,,,,,,UK 8,jordan-air-jordan-11-retro-gratitude-uk8,shopify,0,deny,manual,4499.00,TRUE,TRUE,,,,
jordan-air-jordan-11-retro-gratitude,,,,,,,,,UK 9,jordan-air-jordan-11-retro-gratitude-uk9,shopify,0,deny,manual,4499.00,TRUE,TRUE,,,,
jordan-air-jordan-11-retro-gratitude,,,,,,,,,UK 10,jordan-air-jordan-11-retro-gratitude-uk10,shopify,0,deny,manual,4499.00,TRUE,TRUE,,,,
jordan-air-jordan-11-retro-gratitude,,,,,,,,,UK 11,jordan-air-jordan-11-retro-gratitude-uk11,shopify,0,deny,manual,4499.00,TRUE,TRUE,,,,
jordan-air-jordan-11-retro-gratitude,,,,,,,,,UK 12,jordan-air-jordan-11-retro-gratitude-uk12,shopify,0,deny,manual,4499.00,TRUE,TRUE,,,,
adidas-samba-og-cloud-white-core-black,adidas Samba OG 'Cloud White Core Black',<p>adidas Samba OG in Cloud White Core Black.</p>,adidas,Apparel & Accessories > Shoes,Sneakers,"Sportswear, sportswear, adidas",FALSE,Size,UK 5,adidas-samba-og-cloud-white-core-black-uk5,shopify,0,deny,manual,2299.00,TRUE,TRUE,https://images.stockx.com/images/adidas-Samba-OG-Cloud-White-Core-Black-Product.jpg,1,adidas Samba OG 'Cloud White Core Black',draft
adidas-samba-og-cloud-white-core-black,,,,,,,,,UK 6,adidas-samba-og-cloud-white-core-black-uk6,shopify,0,deny,manual,2299.00,TRUE,TRUE,,,,
adidas-samba-og-cloud-white-core-black,,,,,,,,,UK 7,adidas-samba-og-cloud-white-core-black-uk7,shopify,0,deny,manual,2299.00,TRUE,TRUE,,,,
adidas-samba-og-cloud-white-core-black,,,,,,,,,UK 8,adidas-samba-og-cloud-white-core-black-uk8,shopify,0,deny,manual,2299.00,TRUE,TRUE,,,,
adidas-samba-og-cloud-white-core-black,,,,,,,,,UK 9,adidas-samba-og-cloud-white-core-black-uk9,shopify,0,deny,manual,2299.00,TRUE,TRUE,,,,
adidas-samba-og-cloud-white-core-black,,,,,,,,,UK 10,adidas-samba-og-cloud-white-core-black-uk10,shopify,0,deny,manual,2299.00,TRUE,TRUE,,,,
adidas-samba-og-cloud-white-core-black,,,,,,,,,UK 11,adidas-samba-og-cloud-white-core-black-uk11,shopify,0,deny,manual,2299.00,TRUE,TRUE,,,,
adidas-samba-og-cloud-white-core-black,,,,,,,,,UK 12,adidas-samba-og-cloud-white-core-black-uk12,shopify,0,deny,manual,2299.00,TRUE,TRUE,,,,
adidas-gazelle-indoor-blue-fusion-gum,adidas Gazelle Indoor 'Blue Fusion Gum',<p>adidas Gazelle Indoor in Blue Fusion Gum.</p>,adidas,Apparel & Accessories > Shoes,Sneakers,"Sportswear, sportswear, adidas",FALSE,Size,UK 5,adidas-gazelle-indoor-blue-fusion-gum-uk5,shopify,0,deny,manual,2499.00,TRUE,TRUE,https://images.stockx.com/images/adidas-Gazelle-Indoor-Blue-Fusion-Gum-Product.jpg,1,adidas Gazelle Indoor 'Blue Fusion Gum',draft
adidas-gazelle-indoor-blue-fusion-gum,,,,,,,,,UK 6,adidas-gazelle-indoor-blue-fusion-gum-uk6,shopify,0,deny,manual,2499.00,TRUE,TRUE,,,,
adidas-gazelle-indoor-blue-fusion-gum,,,,,,,,,UK 7,adidas-gazelle-indoor-blue-fusion-gum-uk7,shopify,0,deny,manual,2499.00,TRUE,TRUE,,,,
adidas-gazelle-indoor-blue-fusion-gum,,,,,,,,,UK 8,adidas-gazelle-indoor-blue-fusion-gum-uk8,shopify,0,deny,manual,2499.00,TRUE,TRUE,,,,
adidas-gazelle-indoor-blue-fusion-gum,,,,,,,,,UK 9,adidas-gazelle-indoor-blue-fusion-gum-uk9,shopify,0,deny,manual,2499.00,TRUE,TRUE,,,,
adidas-gazelle-indoor-blue-fusion-gum,,,,,,,,,UK 10,adidas-gazelle-indoor-blue-fusion-gum-uk10,shopify,0,deny,manual,2499.00,TRUE,TRUE,,,,
adidas-gazelle-indoor-blue-fusion-gum,,,,,,,,,UK 11,adidas-gazelle-indoor-blue-fusion-gum-uk11,shopify,0,deny,manual,2499.00,TRUE,TRUE,,,,
adidas-gazelle-indoor-blue-fusion-gum,,,,,,,,,UK 12,adidas-gazelle-indoor-blue-fusion-gum-uk12,shopify,0,deny,manual,2499.00,TRUE,TRUE,,,,
adidas-spezial-handball-light-blue-gum,adidas Spezial Handball 'Light Blue Gum',<p>adidas Spezial Handball in Light Blue Gum.</p>,adidas,Apparel & Accessories > Shoes,Sneakers,"Sportswear, sportswear, adidas",FALSE,Size,UK 5,adidas-spezial-handball-light-blue-gum-uk5,shopify,0,deny,manual,2299.00,TRUE,TRUE,https://images.stockx.com/images/adidas-Handball-Spezial-Light-Blue-Product.jpg,1,adidas Spezial Handball 'Light Blue Gum',draft
adidas-spezial-handball-light-blue-gum,,,,,,,,,UK 6,adidas-spezial-handball-light-blue-gum-uk6,shopify,0,deny,manual,2299.00,TRUE,TRUE,,,,
adidas-spezial-handball-light-blue-gum,,,,,,,,,UK 7,adidas-spezial-handball-light-blue-gum-uk7,shopify,0,deny,manual,2299.00,TRUE,TRUE,,,,
adidas-spezial-handball-light-blue-gum,,,,,,,,,UK 8,adidas-spezial-handball-light-blue-gum-uk8,shopify,0,deny,manual,2299.00,TRUE,TRUE,,,,
adidas-spezial-handball-light-blue-gum,,,,,,,,,UK 9,adidas-spezial-handball-light-blue-gum-uk9,shopify,0,deny,manual,2299.00,TRUE,TRUE,,,,
adidas-spezial-handball-light-blue-gum,,,,,,,,,UK 10,adidas-spezial-handball-light-blue-gum-uk10,shopify,0,deny,manual,2299.00,TRUE,TRUE,,,,
adidas-spezial-handball-light-blue-gum,,,,,,,,,UK 11,adidas-spezial-handball-light-blue-gum-uk11,shopify,0,deny,manual,2299.00,TRUE,TRUE,,,,
adidas-spezial-handball-light-blue-gum,,,,,,,,,UK 12,adidas-spezial-handball-light-blue-gum-uk12,shopify,0,deny,manual,2299.00,TRUE,TRUE,,,,
adidas-campus-00s-core-black,adidas Campus 00s 'Core Black',<p>adidas Campus 00s in Core Black.</p>,adidas,Apparel & Accessories > Shoes,Sneakers,"Sportswear, sportswear, adidas",FALSE,Size,UK 5,adidas-campus-00s-core-black-uk5,shopify,0,deny,manual,2199.00,TRUE,TRUE,https://images.stockx.com/images/adidas-Campus-00s-Core-Black-Product.jpg,1,adidas Campus 00s 'Core Black',draft
adidas-campus-00s-core-black,,,,,,,,,UK 6,adidas-campus-00s-core-black-uk6,shopify,0,deny,manual,2199.00,TRUE,TRUE,,,,
adidas-campus-00s-core-black,,,,,,,,,UK 7,adidas-campus-00s-core-black-uk7,shopify,0,deny,manual,2199.00,TRUE,TRUE,,,,
adidas-campus-00s-core-black,,,,,,,,,UK 8,adidas-campus-00s-core-black-uk8,shopify,0,deny,manual,2199.00,TRUE,TRUE,,,,
adidas-campus-00s-core-black,,,,,,,,,UK 9,adidas-campus-00s-core-black-uk9,shopify,0,deny,manual,2199.00,TRUE,TRUE,,,,
adidas-campus-00s-core-black,,,,,,,,,UK 10,adidas-campus-00s-core-black-uk10,shopify,0,deny,manual,2199.00,TRUE,TRUE,,,,
adidas-campus-00s-core-black,,,,,,,,,UK 11,adidas-campus-00s-core-black-uk11,shopify,0,deny,manual,2199.00,TRUE,TRUE,,,,
adidas-campus-00s-core-black,,,,,,,,,UK 12,adidas-campus-00s-core-black-uk12,shopify,0,deny,manual,2199.00,TRUE,TRUE,,,,
adidas-sl-72-og-blue-bird,adidas SL 72 OG 'Blue Bird',<p>adidas SL 72 OG in Blue Bird.</p>,adidas,Apparel & Accessories > Shoes,Sneakers,"Sportswear, sportswear, adidas",FALSE,Size,UK 5,adidas-sl-72-og-blue-bird-uk5,shopify,0,deny,manual,1999.00,TRUE,TRUE,https://images.stockx.com/images/adidas-SL-72-OG-Blue-Bird-Product.jpg,1,adidas SL 72 OG 'Blue Bird',draft
adidas-sl-72-og-blue-bird,,,,,,,,,UK 6,adidas-sl-72-og-blue-bird-uk6,shopify,0,deny,manual,1999.00,TRUE,TRUE,,,,
adidas-sl-72-og-blue-bird,,,,,,,,,UK 7,adidas-sl-72-og-blue-bird-uk7,shopify,0,deny,manual,1999.00,TRUE,TRUE,,,,
adidas-sl-72-og-blue-bird,,,,,,,,,UK 8,adidas-sl-72-og-blue-bird-uk8,shopify,0,deny,manual,1999.00,TRUE,TRUE,,,,
adidas-sl-72-og-blue-bird,,,,,,,,,UK 9,adidas-sl-72-og-blue-bird-uk9,shopify,0,deny,manual,1999.00,TRUE,TRUE,,,,
adidas-sl-72-og-blue-bird,,,,,,,,,UK 10,adidas-sl-72-og-blue-bird-uk10,shopify,0,deny,manual,1999.00,TRUE,TRUE,,,,
adidas-sl-72-og-blue-bird,,,,,,,,,UK 11,adidas-sl-72-og-blue-bird-uk11,shopify,0,deny,manual,1999.00,TRUE,TRUE,,,,
adidas-sl-72-og-blue-bird,,,,,,,,,UK 12,adidas-sl-72-og-blue-bird-uk12,shopify,0,deny,manual,1999.00,TRUE,TRUE,,,,
adidas-superstar-white-black,adidas Superstar 'White Black',<p>adidas Superstar in White Black.</p>,adidas,Apparel & Accessories > Shoes,Sneakers,"Sportswear, sportswear, adidas",FALSE,Size,UK 5,adidas-superstar-white-black-uk5,shopify,0,deny,manual,1999.00,TRUE,TRUE,https://images.stockx.com/images/adidas-Superstar-White-Black-Product.jpg,1,adidas Superstar 'White Black',draft
adidas-superstar-white-black,,,,,,,,,UK 6,adidas-superstar-white-black-uk6,shopify,0,deny,manual,1999.00,TRUE,TRUE,,,,
adidas-superstar-white-black,,,,,,,,,UK 7,adidas-superstar-white-black-uk7,shopify,0,deny,manual,1999.00,TRUE,TRUE,,,,
adidas-superstar-white-black,,,,,,,,,UK 8,adidas-superstar-white-black-uk8,shopify,0,deny,manual,1999.00,TRUE,TRUE,,,,
adidas-superstar-white-black,,,,,,,,,UK 9,adidas-superstar-white-black-uk9,shopify,0,deny,manual,1999.00,TRUE,TRUE,,,,
adidas-superstar-white-black,,,,,,,,,UK 10,adidas-superstar-white-black-uk10,shopify,0,deny,manual,1999.00,TRUE,TRUE,,,,
adidas-superstar-white-black,,,,,,,,,UK 11,adidas-superstar-white-black-uk11,shopify,0,deny,manual,1999.00,TRUE,TRUE,,,,
adidas-superstar-white-black,,,,,,,,,UK 12,adidas-superstar-white-black-uk12,shopify,0,deny,manual,1999.00,TRUE,TRUE,,,,
adidas-stan-smith-white-green,adidas Stan Smith 'White Green',<p>adidas Stan Smith in White Green.</p>,adidas,Apparel & Accessories > Shoes,Sneakers,"Sportswear, sportswear, adidas",FALSE,Size,UK 5,adidas-stan-smith-white-green-uk5,shopify,0,deny,manual,1899.00,TRUE,TRUE,https://images.stockx.com/images/adidas-Stan-Smith-White-Green-Product.jpg,1,adidas Stan Smith 'White Green',draft
adidas-stan-smith-white-green,,,,,,,,,UK 6,adidas-stan-smith-white-green-uk6,shopify,0,deny,manual,1899.00,TRUE,TRUE,,,,
adidas-stan-smith-white-green,,,,,,,,,UK 7,adidas-stan-smith-white-green-uk7,shopify,0,deny,manual,1899.00,TRUE,TRUE,,,,
adidas-stan-smith-white-green,,,,,,,,,UK 8,adidas-stan-smith-white-green-uk8,shopify,0,deny,manual,1899.00,TRUE,TRUE,,,,
adidas-stan-smith-white-green,,,,,,,,,UK 9,adidas-stan-smith-white-green-uk9,shopify,0,deny,manual,1899.00,TRUE,TRUE,,,,
adidas-stan-smith-white-green,,,,,,,,,UK 10,adidas-stan-smith-white-green-uk10,shopify,0,deny,manual,1899.00,TRUE,TRUE,,,,
adidas-stan-smith-white-green,,,,,,,,,UK 11,adidas-stan-smith-white-green-uk11,shopify,0,deny,manual,1899.00,TRUE,TRUE,,,,
adidas-stan-smith-white-green,,,,,,,,,UK 12,adidas-stan-smith-white-green-uk12,shopify,0,deny,manual,1899.00,TRUE,TRUE,,,,
adidas-forum-low-white,adidas Forum Low 'White',<p>adidas Forum Low in White.</p>,adidas,Apparel & Accessories > Shoes,Sneakers,"Sportswear, sportswear, adidas",FALSE,Size,UK 5,adidas-forum-low-white-uk5,shopify,0,deny,manual,1999.00,TRUE,TRUE,https://images.stockx.com/images/adidas-Forum-Low-Cloud-White-Product.jpg,1,adidas Forum Low 'White',draft
adidas-forum-low-white,,,,,,,,,UK 6,adidas-forum-low-white-uk6,shopify,0,deny,manual,1999.00,TRUE,TRUE,,,,
adidas-forum-low-white,,,,,,,,,UK 7,adidas-forum-low-white-uk7,shopify,0,deny,manual,1999.00,TRUE,TRUE,,,,
adidas-forum-low-white,,,,,,,,,UK 8,adidas-forum-low-white-uk8,shopify,0,deny,manual,1999.00,TRUE,TRUE,,,,
adidas-forum-low-white,,,,,,,,,UK 9,adidas-forum-low-white-uk9,shopify,0,deny,manual,1999.00,TRUE,TRUE,,,,
adidas-forum-low-white,,,,,,,,,UK 10,adidas-forum-low-white-uk10,shopify,0,deny,manual,1999.00,TRUE,TRUE,,,,
adidas-forum-low-white,,,,,,,,,UK 11,adidas-forum-low-white-uk11,shopify,0,deny,manual,1999.00,TRUE,TRUE,,,,
adidas-forum-low-white,,,,,,,,,UK 12,adidas-forum-low-white-uk12,shopify,0,deny,manual,1999.00,TRUE,TRUE,,,,
adidas-ultraboost-1-0-core-black,adidas Ultraboost 1.0 'Core Black',<p>adidas Ultraboost 1.0 in Core Black.</p>,adidas,Apparel & Accessories > Shoes,Sneakers,"Sportswear, sportswear, adidas",FALSE,Size,UK 5,adidas-ultraboost-1-0-core-black-uk5,shopify,0,deny,manual,3499.00,TRUE,TRUE,https://images.stockx.com/images/adidas-Ultra-Boost-1-0-Core-Black-Product.jpg,1,adidas Ultraboost 1.0 'Core Black',draft
adidas-ultraboost-1-0-core-black,,,,,,,,,UK 6,adidas-ultraboost-1-0-core-black-uk6,shopify,0,deny,manual,3499.00,TRUE,TRUE,,,,
adidas-ultraboost-1-0-core-black,,,,,,,,,UK 7,adidas-ultraboost-1-0-core-black-uk7,shopify,0,deny,manual,3499.00,TRUE,TRUE,,,,
adidas-ultraboost-1-0-core-black,,,,,,,,,UK 8,adidas-ultraboost-1-0-core-black-uk8,shopify,0,deny,manual,3499.00,TRUE,TRUE,,,,
adidas-ultraboost-1-0-core-black,,,,,,,,,UK 9,adidas-ultraboost-1-0-core-black-uk9,shopify,0,deny,manual,3499.00,TRUE,TRUE,,,,
adidas-ultraboost-1-0-core-black,,,,,,,,,UK 10,adidas-ultraboost-1-0-core-black-uk10,shopify,0,deny,manual,3499.00,TRUE,TRUE,,,,
adidas-ultraboost-1-0-core-black,,,,,,,,,UK 11,adidas-ultraboost-1-0-core-black-uk11,shopify,0,deny,manual,3499.00,TRUE,TRUE,,,,
adidas-ultraboost-1-0-core-black,,,,,,,,,UK 12,adidas-ultraboost-1-0-core-black-uk12,shopify,0,deny,manual,3499.00,TRUE,TRUE,,,,
puma-suede-classic-black-white,Puma Suede Classic 'Black White',<p>Puma Suede Classic in Black White.</p>,Puma,Apparel & Accessories > Shoes,Sneakers,"Sportswear, sportswear, puma",FALSE,Size,UK 5,puma-suede-classic-black-white-uk5,shopify,0,deny,manual,1599.00,TRUE,TRUE,https://images.stockx.com/images/Puma-Suede-Classic-Black-White-Product.jpg,1,Puma Suede Classic 'Black White',draft
puma-suede-classic-black-white,,,,,,,,,UK 6,puma-suede-classic-black-white-uk6,shopify,0,deny,manual,1599.00,TRUE,TRUE,,,,
puma-suede-classic-black-white,,,,,,,,,UK 7,puma-suede-classic-black-white-uk7,shopify,0,deny,manual,1599.00,TRUE,TRUE,,,,
puma-suede-classic-black-white,,,,,,,,,UK 8,puma-suede-classic-black-white-uk8,shopify,0,deny,manual,1599.00,TRUE,TRUE,,,,
puma-suede-classic-black-white,,,,,,,,,UK 9,puma-suede-classic-black-white-uk9,shopify,0,deny,manual,1599.00,TRUE,TRUE,,,,
puma-suede-classic-black-white,,,,,,,,,UK 10,puma-suede-classic-black-white-uk10,shopify,0,deny,manual,1599.00,TRUE,TRUE,,,,
puma-suede-classic-black-white,,,,,,,,,UK 11,puma-suede-classic-black-white-uk11,shopify,0,deny,manual,1599.00,TRUE,TRUE,,,,
puma-suede-classic-black-white,,,,,,,,,UK 12,puma-suede-classic-black-white-uk12,shopify,0,deny,manual,1599.00,TRUE,TRUE,,,,
puma-palermo-vapor-grey-gum,Puma Palermo 'Vapor Grey Gum',<p>Puma Palermo in Vapor Grey Gum.</p>,Puma,Apparel & Accessories > Shoes,Sneakers,"Sportswear, sportswear, puma",FALSE,Size,UK 5,puma-palermo-vapor-grey-gum-uk5,shopify,0,deny,manual,1899.00,TRUE,TRUE,https://images.stockx.com/images/Puma-Palermo-Vapor-Gray-Clementine-Product.jpg,1,Puma Palermo 'Vapor Grey Gum',draft
puma-palermo-vapor-grey-gum,,,,,,,,,UK 6,puma-palermo-vapor-grey-gum-uk6,shopify,0,deny,manual,1899.00,TRUE,TRUE,,,,
puma-palermo-vapor-grey-gum,,,,,,,,,UK 7,puma-palermo-vapor-grey-gum-uk7,shopify,0,deny,manual,1899.00,TRUE,TRUE,,,,
puma-palermo-vapor-grey-gum,,,,,,,,,UK 8,puma-palermo-vapor-grey-gum-uk8,shopify,0,deny,manual,1899.00,TRUE,TRUE,,,,
puma-palermo-vapor-grey-gum,,,,,,,,,UK 9,puma-palermo-vapor-grey-gum-uk9,shopify,0,deny,manual,1899.00,TRUE,TRUE,,,,
puma-palermo-vapor-grey-gum,,,,,,,,,UK 10,puma-palermo-vapor-grey-gum-uk10,shopify,0,deny,manual,1899.00,TRUE,TRUE,,,,
puma-palermo-vapor-grey-gum,,,,,,,,,UK 11,puma-palermo-vapor-grey-gum-uk11,shopify,0,deny,manual,1899.00,TRUE,TRUE,,,,
puma-palermo-vapor-grey-gum,,,,,,,,,UK 12,puma-palermo-vapor-grey-gum-uk12,shopify,0,deny,manual,1899.00,TRUE,TRUE,,,,
puma-speedcat-og-red-white,Puma Speedcat OG 'Red White',<p>Puma Speedcat OG in Red White.</p>,Puma,Apparel & Accessories > Shoes,Sneakers,"Sportswear, sportswear, puma",FALSE,Size,UK 5,puma-speedcat-og-red-white-uk5,shopify,0,deny,manual,1999.00,TRUE,TRUE,https://images.stockx.com/images/Puma-Speedcat-OG-Red-White-Product.jpg,1,Puma Speedcat OG 'Red White',draft
puma-speedcat-og-red-white,,,,,,,,,UK 6,puma-speedcat-og-red-white-uk6,shopify,0,deny,manual,1999.00,TRUE,TRUE,,,,
puma-speedcat-og-red-white,,,,,,,,,UK 7,puma-speedcat-og-red-white-uk7,shopify,0,deny,manual,1999.00,TRUE,TRUE,,,,
puma-speedcat-og-red-white,,,,,,,,,UK 8,puma-speedcat-og-red-white-uk8,shopify,0,deny,manual,1999.00,TRUE,TRUE,,,,
puma-speedcat-og-red-white,,,,,,,,,UK 9,puma-speedcat-og-red-white-uk9,shopify,0,deny,manual,1999.00,TRUE,TRUE,,,,
puma-speedcat-og-red-white,,,,,,,,,UK 10,puma-speedcat-og-red-white-uk10,shopify,0,deny,manual,1999.00,TRUE,TRUE,,,,
puma-speedcat-og-red-white,,,,,,,,,UK 11,puma-speedcat-og-red-white-uk11,shopify,0,deny,manual,1999.00,TRUE,TRUE,,,,
puma-speedcat-og-red-white,,,,,,,,,UK 12,puma-speedcat-og-red-white-uk12,shopify,0,deny,manual,1999.00,TRUE,TRUE,,,,
puma-rs-x-white,Puma RS-X 'White',<p>Puma RS-X in White.</p>,Puma,Apparel & Accessories > Shoes,Sneakers,"Sportswear, sportswear, puma",FALSE,Size,UK 5,puma-rs-x-white-uk5,shopify,0,deny,manual,2199.00,TRUE,TRUE,https://images.stockx.com/images/Puma-RS-X-Triple-White-Product.jpg,1,Puma RS-X 'White',draft
puma-rs-x-white,,,,,,,,,UK 6,puma-rs-x-white-uk6,shopify,0,deny,manual,2199.00,TRUE,TRUE,,,,
puma-rs-x-white,,,,,,,,,UK 7,puma-rs-x-white-uk7,shopify,0,deny,manual,2199.00,TRUE,TRUE,,,,
puma-rs-x-white,,,,,,,,,UK 8,puma-rs-x-white-uk8,shopify,0,deny,manual,2199.00,TRUE,TRUE,,,,
puma-rs-x-white,,,,,,,,,UK 9,puma-rs-x-white-uk9,shopify,0,deny,manual,2199.00,TRUE,TRUE,,,,
puma-rs-x-white,,,,,,,,,UK 10,puma-rs-x-white-uk10,shopify,0,deny,manual,2199.00,TRUE,TRUE,,,,
puma-rs-x-white,,,,,,,,,UK 11,puma-rs-x-white-uk11,shopify,0,deny,manual,2199.00,TRUE,TRUE,,,,
puma-rs-x-white,,,,,,,,,UK 12,puma-rs-x-white-uk12,shopify,0,deny,manual,2199.00,TRUE,TRUE,,,,
new-balance-550-white-green,New Balance 550 'White Green',<p>New Balance 550 in White Green.</p>,New Balance,Apparel & Accessories > Shoes,Sneakers,"Sportswear, sportswear, new balance",FALSE,Size,UK 5,new-balance-550-white-green-uk5,shopify,0,deny,manual,2599.00,TRUE,TRUE,https://images.stockx.com/images/New-Balance-550-White-Green-Product.jpg,1,New Balance 550 'White Green',draft
new-balance-550-white-green,,,,,,,,,UK 6,new-balance-550-white-green-uk6,shopify,0,deny,manual,2599.00,TRUE,TRUE,,,,
new-balance-550-white-green,,,,,,,,,UK 7,new-balance-550-white-green-uk7,shopify,0,deny,manual,2599.00,TRUE,TRUE,,,,
new-balance-550-white-green,,,,,,,,,UK 8,new-balance-550-white-green-uk8,shopify,0,deny,manual,2599.00,TRUE,TRUE,,,,
new-balance-550-white-green,,,,,,,,,UK 9,new-balance-550-white-green-uk9,shopify,0,deny,manual,2599.00,TRUE,TRUE,,,,
new-balance-550-white-green,,,,,,,,,UK 10,new-balance-550-white-green-uk10,shopify,0,deny,manual,2599.00,TRUE,TRUE,,,,
new-balance-550-white-green,,,,,,,,,UK 11,new-balance-550-white-green-uk11,shopify,0,deny,manual,2599.00,TRUE,TRUE,,,,
new-balance-550-white-green,,,,,,,,,UK 12,new-balance-550-white-green-uk12,shopify,0,deny,manual,2599.00,TRUE,TRUE,,,,
new-balance-530-white-silver-navy,New Balance 530 'White Silver Navy',<p>New Balance 530 in White Silver Navy.</p>,New Balance,Apparel & Accessories > Shoes,Sneakers,"Sportswear, sportswear, new balance",FALSE,Size,UK 5,new-balance-530-white-silver-navy-uk5,shopify,0,deny,manual,2299.00,TRUE,TRUE,https://images.stockx.com/images/New-Balance-530-White-Silver-Navy-Product.jpg,1,New Balance 530 'White Silver Navy',draft
new-balance-530-white-silver-navy,,,,,,,,,UK 6,new-balance-530-white-silver-navy-uk6,shopify,0,deny,manual,2299.00,TRUE,TRUE,,,,
new-balance-530-white-silver-navy,,,,,,,,,UK 7,new-balance-530-white-silver-navy-uk7,shopify,0,deny,manual,2299.00,TRUE,TRUE,,,,
new-balance-530-white-silver-navy,,,,,,,,,UK 8,new-balance-530-white-silver-navy-uk8,shopify,0,deny,manual,2299.00,TRUE,TRUE,,,,
new-balance-530-white-silver-navy,,,,,,,,,UK 9,new-balance-530-white-silver-navy-uk9,shopify,0,deny,manual,2299.00,TRUE,TRUE,,,,
new-balance-530-white-silver-navy,,,,,,,,,UK 10,new-balance-530-white-silver-navy-uk10,shopify,0,deny,manual,2299.00,TRUE,TRUE,,,,
new-balance-530-white-silver-navy,,,,,,,,,UK 11,new-balance-530-white-silver-navy-uk11,shopify,0,deny,manual,2299.00,TRUE,TRUE,,,,
new-balance-530-white-silver-navy,,,,,,,,,UK 12,new-balance-530-white-silver-navy-uk12,shopify,0,deny,manual,2299.00,TRUE,TRUE,,,,
new-balance-9060-rain-cloud,New Balance 9060 'Rain Cloud',<p>New Balance 9060 in Rain Cloud.</p>,New Balance,Apparel & Accessories > Shoes,Sneakers,"Sportswear, sportswear, new balance",FALSE,Size,UK 5,new-balance-9060-rain-cloud-uk5,shopify,0,deny,manual,3299.00,TRUE,TRUE,https://images.stockx.com/images/New-Balance-9060-Rain-Cloud-Grey-Product.jpg,1,New Balance 9060 'Rain Cloud',draft
new-balance-9060-rain-cloud,,,,,,,,,UK 6,new-balance-9060-rain-cloud-uk6,shopify,0,deny,manual,3299.00,TRUE,TRUE,,,,
new-balance-9060-rain-cloud,,,,,,,,,UK 7,new-balance-9060-rain-cloud-uk7,shopify,0,deny,manual,3299.00,TRUE,TRUE,,,,
new-balance-9060-rain-cloud,,,,,,,,,UK 8,new-balance-9060-rain-cloud-uk8,shopify,0,deny,manual,3299.00,TRUE,TRUE,,,,
new-balance-9060-rain-cloud,,,,,,,,,UK 9,new-balance-9060-rain-cloud-uk9,shopify,0,deny,manual,3299.00,TRUE,TRUE,,,,
new-balance-9060-rain-cloud,,,,,,,,,UK 10,new-balance-9060-rain-cloud-uk10,shopify,0,deny,manual,3299.00,TRUE,TRUE,,,,
new-balance-9060-rain-cloud,,,,,,,,,UK 11,new-balance-9060-rain-cloud-uk11,shopify,0,deny,manual,3299.00,TRUE,TRUE,,,,
new-balance-9060-rain-cloud,,,,,,,,,UK 12,new-balance-9060-rain-cloud-uk12,shopify,0,deny,manual,3299.00,TRUE,TRUE,,,,
new-balance-2002r-protection-pack-rain-cloud,New Balance 2002R 'Protection Pack Rain Cloud',<p>New Balance 2002R in Protection Pack Rain Cloud.</p>,New Balance,Apparel & Accessories > Shoes,Sneakers,"Sportswear, sportswear, new balance",FALSE,Size,UK 5,new-balance-2002r-protection-pack-rain-cloud-uk5,shopify,0,deny,manual,3299.00,TRUE,TRUE,https://images.stockx.com/images/New-Balance-2002R-Protection-Pack-Rain-Cloud-Product.jpg,1,New Balance 2002R 'Protection Pack Rain Cloud',draft
new-balance-2002r-protection-pack-rain-cloud,,,,,,,,,UK 6,new-balance-2002r-protection-pack-rain-cloud-uk6,shopify,0,deny,manual,3299.00,TRUE,TRUE,,,,
new-balance-2002r-protection-pack-rain-cloud,,,,,,,,,UK 7,new-balance-2002r-protection-pack-rain-cloud-uk7,shopify,0,deny,manual,3299.00,TRUE,TRUE,,,,
new-balance-2002r-protection-pack-rain-cloud,,,,,,,,,UK 8,new-balance-2002r-protection-pack-rain-cloud-uk8,shopify,0,deny,manual,3299.00,TRUE,TRUE,,,,
new-balance-2002r-protection-pack-rain-cloud,,,,,,,,,UK 9,new-balance-2002r-protection-pack-rain-cloud-uk9,shopify,0,deny,manual,3299.00,TRUE,TRUE,,,,
new-balance-2002r-protection-pack-rain-cloud,,,,,,,,,UK 10,new-balance-2002r-protection-pack-rain-cloud-uk10,shopify,0,deny,manual,3299.00,TRUE,TRUE,,,,
new-balance-2002r-protection-pack-rain-cloud,,,,,,,,,UK 11,new-balance-2002r-protection-pack-rain-cloud-uk11,shopify,0,deny,manual,3299.00,TRUE,TRUE,,,,
new-balance-2002r-protection-pack-rain-cloud,,,,,,,,,UK 12,new-balance-2002r-protection-pack-rain-cloud-uk12,shopify,0,deny,manual,3299.00,TRUE,TRUE,,,,
new-balance-1906r-silver-metallic,New Balance 1906R 'Silver Metallic',<p>New Balance 1906R in Silver Metallic.</p>,New Balance,Apparel & Accessories > Shoes,Sneakers,"Sportswear, sportswear, new balance",FALSE,Size,UK 5,new-balance-1906r-silver-metallic-uk5,shopify,0,deny,manual,3199.00,TRUE,TRUE,https://images.stockx.com/images/New-Balance-1906R-Silver-Metallic-Product.jpg,1,New Balance 1906R 'Silver Metallic',draft
new-balance-1906r-silver-metallic,,,,,,,,,UK 6,new-balance-1906r-silver-metallic-uk6,shopify,0,deny,manual,3199.00,TRUE,TRUE,,,,
new-balance-1906r-silver-metallic,,,,,,,,,UK 7,new-balance-1906r-silver-metallic-uk7,shopify,0,deny,manual,3199.00,TRUE,TRUE,,,,
new-balance-1906r-silver-metallic,,,,,,,,,UK 8,new-balance-1906r-silver-metallic-uk8,shopify,0,deny,manual,3199.00,TRUE,TRUE,,,,
new-balance-1906r-silver-metallic,,,,,,,,,UK 9,new-balance-1906r-silver-metallic-uk9,shopify,0,deny,manual,3199.00,TRUE,TRUE,,,,
new-balance-1906r-silver-metallic,,,,,,,,,UK 10,new-balance-1906r-silver-metallic-uk10,shopify,0,deny,manual,3199.00,TRUE,TRUE,,,,
new-balance-1906r-silver-metallic,,,,,,,,,UK 11,new-balance-1906r-silver-metallic-uk11,shopify,0,deny,manual,3199.00,TRUE,TRUE,,,,
new-balance-1906r-silver-metallic,,,,,,,,,UK 12,new-balance-1906r-silver-metallic-uk12,shopify,0,deny,manual,3199.00,TRUE,TRUE,,,,
new-balance-990v6-made-in-usa-grey,New Balance 990v6 Made in USA 'Grey',<p>New Balance 990v6 Made in USA in Grey.</p>,New Balance,Apparel & Accessories > Shoes,Sneakers,"Sportswear, sportswear, new balance",FALSE,Size,UK 5,new-balance-990v6-made-in-usa-grey-uk5,shopify,0,deny,manual,4999.00,TRUE,TRUE,https://images.stockx.com/images/New-Balance-990v6-MiUSA-Grey-Product.jpg,1,New Balance 990v6 Made in USA 'Grey',draft
new-balance-990v6-made-in-usa-grey,,,,,,,,,UK 6,new-balance-990v6-made-in-usa-grey-uk6,shopify,0,deny,manual,4999.00,TRUE,TRUE,,,,
new-balance-990v6-made-in-usa-grey,,,,,,,,,UK 7,new-balance-990v6-made-in-usa-grey-uk7,shopify,0,deny,manual,4999.00,TRUE,TRUE,,,,
new-balance-990v6-made-in-usa-grey,,,,,,,,,UK 8,new-balance-990v6-made-in-usa-grey-uk8,shopify,0,deny,manual,4999.00,TRUE,TRUE,,,,
new-balance-990v6-made-in-usa-grey,,,,,,,,,UK 9,new-balance-990v6-made-in-usa-grey-uk9,shopify,0,deny,manual,4999.00,TRUE,TRUE,,,,
new-balance-990v6-made-in-usa-grey,,,,,,,,,UK 10,new-balance-990v6-made-in-usa-grey-uk10,shopify,0,deny,manual,4999.00,TRUE,TRUE,,,,
new-balance-990v6-made-in-usa-grey,,,,,,,,,UK 11,new-balance-990v6-made-in-usa-grey-uk11,shopify,0,deny,manual,4999.00,TRUE,TRUE,,,,
new-balance-990v6-made-in-usa-grey,,,,,,,,,UK 12,new-balance-990v6-made-in-usa-grey-uk12,shopify,0,deny,manual,4999.00,TRUE,TRUE,,,,
asics-gel-1130-white-pure-silver,ASICS Gel-1130 'White Pure Silver',<p>ASICS Gel-1130 in White Pure Silver.</p>,ASICS,Apparel & Accessories > Shoes,Sneakers,"Sportswear, sportswear, asics",FALSE,Size,UK 5,asics-gel-1130-white-pure-silver-uk5,shopify,0,deny,manual,2299.00,TRUE,TRUE,https://images.stockx.com/images/ASICS-Gel-1130-White-Pure-Silver-Product.jpg,1,ASICS Gel-1130 'White Pure Silver',draft
asics-gel-1130-white-pure-silver,,,,,,,,,UK 6,asics-gel-1130-white-pure-silver-uk6,shopify,0,deny,manual,2299.00,TRUE,TRUE,,,,
asics-gel-1130-white-pure-silver,,,,,,,,,UK 7,asics-gel-1130-white-pure-silver-uk7,shopify,0,deny,manual,2299.00,TRUE,TRUE,,,,
asics-gel-1130-white-pure-silver,,,,,,,,,UK 8,asics-gel-1130-white-pure-silver-uk8,shopify,0,deny,manual,2299.00,TRUE,TRUE,,,,
asics-gel-1130-white-pure-silver,,,,,,,,,UK 9,asics-gel-1130-white-pure-silver-uk9,shopify,0,deny,manual,2299.00,TRUE,TRUE,,,,
asics-gel-1130-white-pure-silver,,,,,,,,,UK 10,asics-gel-1130-white-pure-silver-uk10,shopify,0,deny,manual,2299.00,TRUE,TRUE,,,,
asics-gel-1130-white-pure-silver,,,,,,,,,UK 11,asics-gel-1130-white-pure-silver-uk11,shopify,0,deny,manual,2299.00,TRUE,TRUE,,,,
asics-gel-1130-white-pure-silver,,,,,,,,,UK 12,asics-gel-1130-white-pure-silver-uk12,shopify,0,deny,manual,2299.00,TRUE,TRUE,,,,
asics-gel-kayano-14-cream-black,ASICS Gel-Kayano 14 'Cream Black',<p>ASICS Gel-Kayano 14 in Cream Black.</p>,ASICS,Apparel & Accessories > Shoes,Sneakers,"Sportswear, sportswear, asics",FALSE,Size,UK 5,asics-gel-kayano-14-cream-black-uk5,shopify,0,deny,manual,3199.00,TRUE,TRUE,https://images.stockx.com/images/ASICS-Gel-Kayano-14-Cream-Black-Product.jpg,1,ASICS Gel-Kayano 14 'Cream Black',draft
asics-gel-kayano-14-cream-black,,,,,,,,,UK 6,asics-gel-kayano-14-cream-black-uk6,shopify,0,deny,manual,3199.00,TRUE,TRUE,,,,
asics-gel-kayano-14-cream-black,,,,,,,,,UK 7,asics-gel-kayano-14-cream-black-uk7,shopify,0,deny,manual,3199.00,TRUE,TRUE,,,,
asics-gel-kayano-14-cream-black,,,,,,,,,UK 8,asics-gel-kayano-14-cream-black-uk8,shopify,0,deny,manual,3199.00,TRUE,TRUE,,,,
asics-gel-kayano-14-cream-black,,,,,,,,,UK 9,asics-gel-kayano-14-cream-black-uk9,shopify,0,deny,manual,3199.00,TRUE,TRUE,,,,
asics-gel-kayano-14-cream-black,,,,,,,,,UK 10,asics-gel-kayano-14-cream-black-uk10,shopify,0,deny,manual,3199.00,TRUE,TRUE,,,,
asics-gel-kayano-14-cream-black,,,,,,,,,UK 11,asics-gel-kayano-14-cream-black-uk11,shopify,0,deny,manual,3199.00,TRUE,TRUE,,,,
asics-gel-kayano-14-cream-black,,,,,,,,,UK 12,asics-gel-kayano-14-cream-black-uk12,shopify,0,deny,manual,3199.00,TRUE,TRUE,,,,
asics-gel-nyc-graphite-grey,ASICS Gel-NYC 'Graphite Grey',<p>ASICS Gel-NYC in Graphite Grey.</p>,ASICS,Apparel & Accessories > Shoes,Sneakers,"Sportswear, sportswear, asics",FALSE,Size,UK 5,asics-gel-nyc-graphite-grey-uk5,shopify,0,deny,manual,2799.00,TRUE,TRUE,https://images.stockx.com/images/ASICS-Gel-NYC-Graphite-Grey-Black-Product.jpg,1,ASICS Gel-NYC 'Graphite Grey',draft
asics-gel-nyc-graphite-grey,,,,,,,,,UK 6,asics-gel-nyc-graphite-grey-uk6,shopify,0,deny,manual,2799.00,TRUE,TRUE,,,,
asics-gel-nyc-graphite-grey,,,,,,,,,UK 7,asics-gel-nyc-graphite-grey-uk7,shopify,0,deny,manual,2799.00,TRUE,TRUE,,,,
asics-gel-nyc-graphite-grey,,,,,,,,,UK 8,asics-gel-nyc-graphite-grey-uk8,shopify,0,deny,manual,2799.00,TRUE,TRUE,,,,
asics-gel-nyc-graphite-grey,,,,,,,,,UK 9,asics-gel-nyc-graphite-grey-uk9,shopify,0,deny,manual,2799.00,TRUE,TRUE,,,,
asics-gel-nyc-graphite-grey,,,,,,,,,UK 10,asics-gel-nyc-graphite-grey-uk10,shopify,0,deny,manual,2799.00,TRUE,TRUE,,,,
asics-gel-nyc-graphite-grey,,,,,,,,,UK 11,asics-gel-nyc-graphite-grey-uk11,shopify,0,deny,manual,2799.00,TRUE,TRUE,,,,
asics-gel-nyc-graphite-grey,,,,,,,,,UK 12,asics-gel-nyc-graphite-grey-uk12,shopify,0,deny,manual,2799.00,TRUE,TRUE,,,,
converse-chuck-70-hi-black,Converse Chuck 70 Hi 'Black',<p>Converse Chuck 70 Hi in Black.</p>,Converse,Apparel & Accessories > Shoes,Sneakers,"Sportswear, sportswear, converse",FALSE,Size,UK 5,converse-chuck-70-hi-black-uk5,shopify,0,deny,manual,1599.00,TRUE,TRUE,https://images.stockx.com/images/Converse-Chuck-Taylor-All-Star-70-Hi-Black-Product.jpg,1,Converse Chuck 70 Hi 'Black',draft
converse-chuck-70-hi-black,,,,,,,,,UK 6,converse-chuck-70-hi-black-uk6,shopify,0,deny,manual,1599.00,TRUE,TRUE,,,,
converse-chuck-70-hi-black,,,,,,,,,UK 7,converse-chuck-70-hi-black-uk7,shopify,0,deny,manual,1599.00,TRUE,TRUE,,,,
converse-chuck-70-hi-black,,,,,,,,,UK 8,converse-chuck-70-hi-black-uk8,shopify,0,deny,manual,1599.00,TRUE,TRUE,,,,
converse-chuck-70-hi-black,,,,,,,,,UK 9,converse-chuck-70-hi-black-uk9,shopify,0,deny,manual,1599.00,TRUE,TRUE,,,,
converse-chuck-70-hi-black,,,,,,,,,UK 10,converse-chuck-70-hi-black-uk10,shopify,0,deny,manual,1599.00,TRUE,TRUE,,,,
converse-chuck-70-hi-black,,,,,,,,,UK 11,converse-chuck-70-hi-black-uk11,shopify,0,deny,manual,1599.00,TRUE,TRUE,,,,
converse-chuck-70-hi-black,,,,,,,,,UK 12,converse-chuck-70-hi-black-uk12,shopify,0,deny,manual,1599.00,TRUE,TRUE,,,,
converse-run-star-hike-hi-black-white,Converse Run Star Hike Hi 'Black White',<p>Converse Run Star Hike Hi in Black White.</p>,Converse,Apparel & Accessories > Shoes,Sneakers,"Sportswear, sportswear, converse",FALSE,Size,UK 5,converse-run-star-hike-hi-black-white-uk5,shopify,0,deny,manual,1999.00,TRUE,TRUE,https://images.stockx.com/images/Converse-Run-Star-Hike-Hi-Black-White-Product.jpg,1,Converse Run Star Hike Hi 'Black White',draft
converse-run-star-hike-hi-black-white,,,,,,,,,UK 6,converse-run-star-hike-hi-black-white-uk6,shopify,0,deny,manual,1999.00,TRUE,TRUE,,,,
converse-run-star-hike-hi-black-white,,,,,,,,,UK 7,converse-run-star-hike-hi-black-white-uk7,shopify,0,deny,manual,1999.00,TRUE,TRUE,,,,
converse-run-star-hike-hi-black-white,,,,,,,,,UK 8,converse-run-star-hike-hi-black-white-uk8,shopify,0,deny,manual,1999.00,TRUE,TRUE,,,,
converse-run-star-hike-hi-black-white,,,,,,,,,UK 9,converse-run-star-hike-hi-black-white-uk9,shopify,0,deny,manual,1999.00,TRUE,TRUE,,,,
converse-run-star-hike-hi-black-white,,,,,,,,,UK 10,converse-run-star-hike-hi-black-white-uk10,shopify,0,deny,manual,1999.00,TRUE,TRUE,,,,
converse-run-star-hike-hi-black-white,,,,,,,,,UK 11,converse-run-star-hike-hi-black-white-uk11,shopify,0,deny,manual,1999.00,TRUE,TRUE,,,,
converse-run-star-hike-hi-black-white,,,,,,,,,UK 12,converse-run-star-hike-hi-black-white-uk12,shopify,0,deny,manual,1999.00,TRUE,TRUE,,,,
vans-old-skool-black-white,Vans Old Skool 'Black White',<p>Vans Old Skool in Black White.</p>,Vans,Apparel & Accessories > Shoes,Sneakers,"Sportswear, sportswear, vans",FALSE,Size,UK 5,vans-old-skool-black-white-uk5,shopify,0,deny,manual,1299.00,TRUE,TRUE,https://images.stockx.com/images/Vans-Old-Skool-Black-White-Product.jpg,1,Vans Old Skool 'Black White',draft
vans-old-skool-black-white,,,,,,,,,UK 6,vans-old-skool-black-white-uk6,shopify,0,deny,manual,1299.00,TRUE,TRUE,,,,
vans-old-skool-black-white,,,,,,,,,UK 7,vans-old-skool-black-white-uk7,shopify,0,deny,manual,1299.00,TRUE,TRUE,,,,
vans-old-skool-black-white,,,,,,,,,UK 8,vans-old-skool-black-white-uk8,shopify,0,deny,manual,1299.00,TRUE,TRUE,,,,
vans-old-skool-black-white,,,,,,,,,UK 9,vans-old-skool-black-white-uk9,shopify,0,deny,manual,1299.00,TRUE,TRUE,,,,
vans-old-skool-black-white,,,,,,,,,UK 10,vans-old-skool-black-white-uk10,shopify,0,deny,manual,1299.00,TRUE,TRUE,,,,
vans-old-skool-black-white,,,,,,,,,UK 11,vans-old-skool-black-white-uk11,shopify,0,deny,manual,1299.00,TRUE,TRUE,,,,
vans-old-skool-black-white,,,,,,,,,UK 12,vans-old-skool-black-white-uk12,shopify,0,deny,manual,1299.00,TRUE,TRUE,,,,
vans-knu-skool-black-true-white,Vans Knu Skool 'Black True White',<p>Vans Knu Skool in Black True White.</p>,Vans,Apparel & Accessories > Shoes,Sneakers,"Sportswear, sportswear, vans",FALSE,Size,UK 5,vans-knu-skool-black-true-white-uk5,shopify,0,deny,manual,1499.00,TRUE,TRUE,https://images.stockx.com/images/Vans-Knu-Skool-Black-True-White-Product.jpg,1,Vans Knu Skool 'Black True White',draft
vans-knu-skool-black-true-white,,,,,,,,,UK 6,vans-knu-skool-black-true-white-uk6,shopify,0,deny,manual,1499.00,TRUE,TRUE,,,,
vans-knu-skool-black-true-white,,,,,,,,,UK 7,vans-knu-skool-black-true-white-uk7,shopify,0,deny,manual,1499.00,TRUE,TRUE,,,,
vans-knu-skool-black-true-white,,,,,,,,,UK 8,vans-knu-skool-black-true-white-uk8,shopify,0,deny,manual,1499.00,TRUE,TRUE,,,,
vans-knu-skool-black-true-white,,,,,,,,,UK 9,vans-knu-skool-black-true-white-uk9,shopify,0,deny,manual,1499.00,TRUE,TRUE,,,,
vans-knu-skool-black-true-white,,,,,,,,,UK 10,vans-knu-skool-black-true-white-uk10,shopify,0,deny,manual,1499.00,TRUE,TRUE,,,,
vans-knu-skool-black-true-white,,,,,,,,,UK 11,vans-knu-skool-black-true-white-uk11,shopify,0,deny,manual,1499.00,TRUE,TRUE,,,,
vans-knu-skool-black-true-white,,,,,,,,,UK 12,vans-knu-skool-black-true-white-uk12,shopify,0,deny,manual,1499.00,TRUE,TRUE,,,,
vans-sk8-hi-black-white,Vans Sk8-Hi 'Black White',<p>Vans Sk8-Hi in Black White.</p>,Vans,Apparel & Accessories > Shoes,Sneakers,"Sportswear, sportswear, vans",FALSE,Size,UK 5,vans-sk8-hi-black-white-uk5,shopify,0,deny,manual,1399.00,TRUE,TRUE,https://images.stockx.com/images/Vans-Sk8-Hi-Black-White-Product.jpg,1,Vans Sk8-Hi 'Black White',draft
vans-sk8-hi-black-white,,,,,,,,,UK 6,vans-sk8-hi-black-white-uk6,shopify,0,deny,manual,1399.00,TRUE,TRUE,,,,
vans-sk8-hi-black-white,,,,,,,,,UK 7,vans-sk8-hi-black-white-uk7,shopify,0,deny,manual,1399.00,TRUE,TRUE,,,,
vans-sk8-hi-black-white,,,,,,,,,UK 8,vans-sk8-hi-black-white-uk8,shopify,0,deny,manual,1399.00,TRUE,TRUE,,,,
vans-sk8-hi-black-white,,,,,,,,,UK 9,vans-sk8-hi-black-white-uk9,shopify,0,deny,manual,1399.00,TRUE,TRUE,,,,
vans-sk8-hi-black-white,,,,,,,,,UK 10,vans-sk8-hi-black-white-uk10,shopify,0,deny,manual,1399.00,TRUE,TRUE,,,,
vans-sk8-hi-black-white,,,,,,,,,UK 11,vans-sk8-hi-black-white-uk11,shopify,0,deny,manual,1399.00,TRUE,TRUE,,,,
vans-sk8-hi-black-white,,,,,,,,,UK 12,vans-sk8-hi-black-white-uk12,shopify,0,deny,manual,1399.00,TRUE,TRUE,,,,
reebok-club-c-85-vintage-chalk-green,Reebok Club C 85 Vintage 'Chalk Green',<p>Reebok Club C 85 Vintage in Chalk Green.</p>,Reebok,Apparel & Accessories > Shoes,Sneakers,"Sportswear, sportswear, reebok",FALSE,Size,UK 5,reebok-club-c-85-vintage-chalk-green-uk5,shopify,0,deny,manual,1599.00,TRUE,TRUE,https://images.stockx.com/images/Reebok-Club-C-85-Vintage-Chalk-Green-Product.jpg,1,Reebok Club C 85 Vintage 'Chalk Green',draft
reebok-club-c-85-vintage-chalk-green,,,,,,,,,UK 6,reebok-club-c-85-vintage-chalk-green-uk6,shopify,0,deny,manual,1599.00,TRUE,TRUE,,,,
reebok-club-c-85-vintage-chalk-green,,,,,,,,,UK 7,reebok-club-c-85-vintage-chalk-green-uk7,shopify,0,deny,manual,1599.00,TRUE,TRUE,,,,
reebok-club-c-85-vintage-chalk-green,,,,,,,,,UK 8,reebok-club-c-85-vintage-chalk-green-uk8,shopify,0,deny,manual,1599.00,TRUE,TRUE,,,,
reebok-club-c-85-vintage-chalk-green,,,,,,,,,UK 9,reebok-club-c-85-vintage-chalk-green-uk9,shopify,0,deny,manual,1599.00,TRUE,TRUE,,,,
reebok-club-c-85-vintage-chalk-green,,,,,,,,,UK 10,reebok-club-c-85-vintage-chalk-green-uk10,shopify,0,deny,manual,1599.00,TRUE,TRUE,,,,
reebok-club-c-85-vintage-chalk-green,,,,,,,,,UK 11,reebok-club-c-85-vintage-chalk-green-uk11,shopify,0,deny,manual,1599.00,TRUE,TRUE,,,,
reebok-club-c-85-vintage-chalk-green,,,,,,,,,UK 12,reebok-club-c-85-vintage-chalk-green-uk12,shopify,0,deny,manual,1599.00,TRUE,TRUE,,,,
reebok-instapump-fury-og-citron,Reebok Instapump Fury OG 'Citron',<p>Reebok Instapump Fury OG in Citron.</p>,Reebok,Apparel & Accessories > Shoes,Sneakers,"Sportswear, sportswear, reebok",FALSE,Size,UK 5,reebok-instapump-fury-og-citron-uk5,shopify,0,deny,manual,3299.00,TRUE,TRUE,https://images.stockx.com/images/Reebok-Instapump-Fury-OG-Citron-2019-Product.jpg,1,Reebok Instapump Fury OG 'Citron',draft
reebok-instapump-fury-og-citron,,,,,,,,,UK 6,reebok-instapump-fury-og-citron-uk6,shopify,0,deny,manual,3299.00,TRUE,TRUE,,,,
reebok-instapump-fury-og-citron,,,,,,,,,UK 7,reebok-instapump-fury-og-citron-uk7,shopify,0,deny,manual,3299.00,TRUE,TRUE,,,,
reebok-instapump-fury-og-citron,,,,,,,,,UK 8,reebok-instapump-fury-og-citron-uk8,shopify,0,deny,manual,3299.00,TRUE,TRUE,,,,
reebok-instapump-fury-og-citron,,,,,,,,,UK 9,reebok-instapump-fury-og-citron-uk9,shopify,0,deny,manual,3299.00,TRUE,TRUE,,,,
reebok-instapump-fury-og-citron,,,,,,,,,UK 10,reebok-instapump-fury-og-citron-uk10,shopify,0,deny,manual,3299.00,TRUE,TRUE,,,,
reebok-instapump-fury-og-citron,,,,,,,,,UK 11,reebok-instapump-fury-og-citron-uk11,shopify,0,deny,manual,3299.00,TRUE,TRUE,,,,
reebok-instapump-fury-og-citron,,,,,,,,,UK 12,reebok-instapump-fury-og-citron-uk12,shopify,0,deny,manual,3299.00,TRUE,TRUE,,,,
hoka-clifton-9-black-white,Hoka Clifton 9 'Black White',<p>Hoka Clifton 9 in Black White.</p>,Hoka,Apparel & Accessories > Shoes,Sneakers,"Sportswear, sportswear, hoka",FALSE,Size,UK 5,hoka-clifton-9-black-white-uk5,shopify,0,deny,manual,2999.00,TRUE,TRUE,https://images.stockx.com/images/Hoka-One-One-Clifton-9-Black-White-Product.jpg,1,Hoka Clifton 9 'Black White',draft
hoka-clifton-9-black-white,,,,,,,,,UK 6,hoka-clifton-9-black-white-uk6,shopify,0,deny,manual,2999.00,TRUE,TRUE,,,,
hoka-clifton-9-black-white,,,,,,,,,UK 7,hoka-clifton-9-black-white-uk7,shopify,0,deny,manual,2999.00,TRUE,TRUE,,,,
hoka-clifton-9-black-white,,,,,,,,,UK 8,hoka-clifton-9-black-white-uk8,shopify,0,deny,manual,2999.00,TRUE,TRUE,,,,
hoka-clifton-9-black-white,,,,,,,,,UK 9,hoka-clifton-9-black-white-uk9,shopify,0,deny,manual,2999.00,TRUE,TRUE,,,,
hoka-clifton-9-black-white,,,,,,,,,UK 10,hoka-clifton-9-black-white-uk10,shopify,0,deny,manual,2999.00,TRUE,TRUE,,,,
hoka-clifton-9-black-white,,,,,,,,,UK 11,hoka-clifton-9-black-white-uk11,shopify,0,deny,manual,2999.00,TRUE,TRUE,,,,
hoka-clifton-9-black-white,,,,,,,,,UK 12,hoka-clifton-9-black-white-uk12,shopify,0,deny,manual,2999.00,TRUE,TRUE,,,,
hoka-bondi-8-black,Hoka Bondi 8 'Black',<p>Hoka Bondi 8 in Black.</p>,Hoka,Apparel & Accessories > Shoes,Sneakers,"Sportswear, sportswear, hoka",FALSE,Size,UK 5,hoka-bondi-8-black-uk5,shopify,0,deny,manual,3299.00,TRUE,TRUE,https://images.stockx.com/images/Hoka-One-One-Bondi-8-Black-Product.jpg,1,Hoka Bondi 8 'Black',draft
hoka-bondi-8-black,,,,,,,,,UK 6,hoka-bondi-8-black-uk6,shopify,0,deny,manual,3299.00,TRUE,TRUE,,,,
hoka-bondi-8-black,,,,,,,,,UK 7,hoka-bondi-8-black-uk7,shopify,0,deny,manual,3299.00,TRUE,TRUE,,,,
hoka-bondi-8-black,,,,,,,,,UK 8,hoka-bondi-8-black-uk8,shopify,0,deny,manual,3299.00,TRUE,TRUE,,,,
hoka-bondi-8-black,,,,,,,,,UK 9,hoka-bondi-8-black-uk9,shopify,0,deny,manual,3299.00,TRUE,TRUE,,,,
hoka-bondi-8-black,,,,,,,,,UK 10,hoka-bondi-8-black-uk10,shopify,0,deny,manual,3299.00,TRUE,TRUE,,,,
hoka-bondi-8-black,,,,,,,,,UK 11,hoka-bondi-8-black-uk11,shopify,0,deny,manual,3299.00,TRUE,TRUE,,,,
hoka-bondi-8-black,,,,,,,,,UK 12,hoka-bondi-8-black-uk12,shopify,0,deny,manual,3299.00,TRUE,TRUE,,,,
on-cloudmonster-all-black,On Cloudmonster 'All Black',<p>On Cloudmonster in All Black.</p>,On,Apparel & Accessories > Shoes,Sneakers,"Sportswear, sportswear, on",FALSE,Size,UK 5,on-cloudmonster-all-black-uk5,shopify,0,deny,manual,3499.00,TRUE,TRUE,https://images.stockx.com/images/On-Running-Cloudmonster-All-Black-Product.jpg,1,On Cloudmonster 'All Black',draft
on-cloudmonster-all-black,,,,,,,,,UK 6,on-cloudmonster-all-black-uk6,shopify,0,deny,manual,3499.00,TRUE,TRUE,,,,
on-cloudmonster-all-black,,,,,,,,,UK 7,on-cloudmonster-all-black-uk7,shopify,0,deny,manual,3499.00,TRUE,TRUE,,,,
on-cloudmonster-all-black,,,,,,,,,UK 8,on-cloudmonster-all-black-uk8,shopify,0,deny,manual,3499.00,TRUE,TRUE,,,,
on-cloudmonster-all-black,,,,,,,,,UK 9,on-cloudmonster-all-black-uk9,shopify,0,deny,manual,3499.00,TRUE,TRUE,,,,
on-cloudmonster-all-black,,,,,,,,,UK 10,on-cloudmonster-all-black-uk10,shopify,0,deny,manual,3499.00,TRUE,TRUE,,,,
on-cloudmonster-all-black,,,,,,,,,UK 11,on-cloudmonster-all-black-uk11,shopify,0,deny,manual,3499.00,TRUE,TRUE,,,,
on-cloudmonster-all-black,,,,,,,,,UK 12,on-cloudmonster-all-black-uk12,shopify,0,deny,manual,3499.00,TRUE,TRUE,,,,
salomon-xt-6-black-phantom,Salomon XT-6 'Black Phantom',<p>Salomon XT-6 in Black Phantom.</p>,Salomon,Apparel & Accessories > Shoes,Sneakers,"Sportswear, sportswear, salomon",FALSE,Size,UK 5,salomon-xt-6-black-phantom-uk5,shopify,0,deny,manual,3999.00,TRUE,TRUE,https://images.stockx.com/images/Salomon-XT-6-Black-Black-Phantom-Product.jpg,1,Salomon XT-6 'Black Phantom',draft
salomon-xt-6-black-phantom,,,,,,,,,UK 6,salomon-xt-6-black-phantom-uk6,shopify,0,deny,manual,3999.00,TRUE,TRUE,,,,
salomon-xt-6-black-phantom,,,,,,,,,UK 7,salomon-xt-6-black-phantom-uk7,shopify,0,deny,manual,3999.00,TRUE,TRUE,,,,
salomon-xt-6-black-phantom,,,,,,,,,UK 8,salomon-xt-6-black-phantom-uk8,shopify,0,deny,manual,3999.00,TRUE,TRUE,,,,
salomon-xt-6-black-phantom,,,,,,,,,UK 9,salomon-xt-6-black-phantom-uk9,shopify,0,deny,manual,3999.00,TRUE,TRUE,,,,
salomon-xt-6-black-phantom,,,,,,,,,UK 10,salomon-xt-6-black-phantom-uk10,shopify,0,deny,manual,3999.00,TRUE,TRUE,,,,
salomon-xt-6-black-phantom,,,,,,,,,UK 11,salomon-xt-6-black-phantom-uk11,shopify,0,deny,manual,3999.00,TRUE,TRUE,,,,
salomon-xt-6-black-phantom,,,,,,,,,UK 12,salomon-xt-6-black-phantom-uk12,shopify,0,deny,manual,3999.00,TRUE,TRUE,,,,
salomon-acs-pro-black,Salomon ACS Pro 'Black',<p>Salomon ACS Pro in Black.</p>,Salomon,Apparel & Accessories > Shoes,Sneakers,"Sportswear, sportswear, salomon",FALSE,Size,UK 5,salomon-acs-pro-black-uk5,shopify,0,deny,manual,3799.00,TRUE,TRUE,https://images.stockx.com/images/Salomon-ACS-Pro-Advanced-Black-Product.jpg,1,Salomon ACS Pro 'Black',draft
salomon-acs-pro-black,,,,,,,,,UK 6,salomon-acs-pro-black-uk6,shopify,0,deny,manual,3799.00,TRUE,TRUE,,,,
salomon-acs-pro-black,,,,,,,,,UK 7,salomon-acs-pro-black-uk7,shopify,0,deny,manual,3799.00,TRUE,TRUE,,,,
salomon-acs-pro-black,,,,,,,,,UK 8,salomon-acs-pro-black-uk8,shopify,0,deny,manual,3799.00,TRUE,TRUE,,,,
salomon-acs-pro-black,,,,,,,,,UK 9,salomon-acs-pro-black-uk9,shopify,0,deny,manual,3799.00,TRUE,TRUE,,,,
salomon-acs-pro-black,,,,,,,,,UK 10,salomon-acs-pro-black-uk10,shopify,0,deny,manual,3799.00,TRUE,TRUE,,,,
salomon-acs-pro-black,,,,,,,,,UK 11,salomon-acs-pro-black-uk11,shopify,0,deny,manual,3799.00,TRUE,TRUE,,,,
salomon-acs-pro-black,,,,,,,,,UK 12,salomon-acs-pro-black-uk12,shopify,0,deny,manual,3799.00,TRUE,TRUE,,,,
saucony-shadow-6000-grey,Saucony Shadow 6000 'Grey',<p>Saucony Shadow 6000 in Grey.</p>,Saucony,Apparel & Accessories > Shoes,Sneakers,"Sportswear, sportswear, saucony",FALSE,Size,UK 5,saucony-shadow-6000-grey-uk5,shopify,0,deny,manual,2499.00,TRUE,TRUE,https://images.stockx.com/images/Saucony-Shadow-6000-Grey-Product.jpg,1,Saucony Shadow 6000 'Grey',draft
saucony-shadow-6000-grey,,,,,,,,,UK 6,saucony-shadow-6000-grey-uk6,shopify,0,deny,manual,2499.00,TRUE,TRUE,,,,
saucony-shadow-6000-grey,,,,,,,,,UK 7,saucony-shadow-6000-grey-uk7,shopify,0,deny,manual,2499.00,TRUE,TRUE,,,,
saucony-shadow-6000-grey,,,,,,,,,UK 8,saucony-shadow-6000-grey-uk8,shopify,0,deny,manual,2499.00,TRUE,TRUE,,,,
saucony-shadow-6000-grey,,,,,,,,,UK 9,saucony-shadow-6000-grey-uk9,shopify,0,deny,manual,2499.00,TRUE,TRUE,,,,
saucony-shadow-6000-grey,,,,,,,,,UK 10,saucony-shadow-6000-grey-uk10,shopify,0,deny,manual,2499.00,TRUE,TRUE,,,,
saucony-shadow-6000-grey,,,,,,,,,UK 11,saucony-shadow-6000-grey-uk11,shopify,0,deny,manual,2499.00,TRUE,TRUE,,,,
saucony-shadow-6000-grey,,,,,,,,,UK 12,saucony-shadow-6000-grey-uk12,shopify,0,deny,manual,2499.00,TRUE,TRUE,,,,
gucci-ace-white-web-stripe,Gucci Ace 'White Web Stripe',<p>Gucci Ace in White Web Stripe.</p>,Gucci,Apparel & Accessories > Shoes,Sneakers,"Designer, designer, gucci",FALSE,Size,UK 5,gucci-ace-white-web-stripe-uk5,shopify,0,deny,manual,14500.00,TRUE,TRUE,https://images.stockx.com/images/Gucci-Ace-White-Green-Red-Product.jpg,1,Gucci Ace 'White Web Stripe',draft
gucci-ace-white-web-stripe,,,,,,,,,UK 6,gucci-ace-white-web-stripe-uk6,shopify,0,deny,manual,14500.00,TRUE,TRUE,,,,
gucci-ace-white-web-stripe,,,,,,,,,UK 7,gucci-ace-white-web-stripe-uk7,shopify,0,deny,manual,14500.00,TRUE,TRUE,,,,
gucci-ace-white-web-stripe,,,,,,,,,UK 8,gucci-ace-white-web-stripe-uk8,shopify,0,deny,manual,14500.00,TRUE,TRUE,,,,
gucci-ace-white-web-stripe,,,,,,,,,UK 9,gucci-ace-white-web-stripe-uk9,shopify,0,deny,manual,14500.00,TRUE,TRUE,,,,
gucci-ace-white-web-stripe,,,,,,,,,UK 10,gucci-ace-white-web-stripe-uk10,shopify,0,deny,manual,14500.00,TRUE,TRUE,,,,
gucci-ace-white-web-stripe,,,,,,,,,UK 11,gucci-ace-white-web-stripe-uk11,shopify,0,deny,manual,14500.00,TRUE,TRUE,,,,
gucci-ace-white-web-stripe,,,,,,,,,UK 12,gucci-ace-white-web-stripe-uk12,shopify,0,deny,manual,14500.00,TRUE,TRUE,,,,
gucci-rhyton-logo-ivory,Gucci Rhyton 'Logo Ivory',<p>Gucci Rhyton in Logo Ivory.</p>,Gucci,Apparel & Accessories > Shoes,Sneakers,"Designer, designer, gucci",FALSE,Size,UK 5,gucci-rhyton-logo-ivory-uk5,shopify,0,deny,manual,19500.00,TRUE,TRUE,https://images.stockx.com/images/Gucci-Rhyton-Vintage-Logo-Product.jpg,1,Gucci Rhyton 'Logo Ivory',draft
gucci-rhyton-logo-ivory,,,,,,,,,UK 6,gucci-rhyton-logo-ivory-uk6,shopify,0,deny,manual,19500.00,TRUE,TRUE,,,,
gucci-rhyton-logo-ivory,,,,,,,,,UK 7,gucci-rhyton-logo-ivory-uk7,shopify,0,deny,manual,19500.00,TRUE,TRUE,,,,
gucci-rhyton-logo-ivory,,,,,,,,,UK 8,gucci-rhyton-logo-ivory-uk8,shopify,0,deny,manual,19500.00,TRUE,TRUE,,,,
gucci-rhyton-logo-ivory,,,,,,,,,UK 9,gucci-rhyton-logo-ivory-uk9,shopify,0,deny,manual,19500.00,TRUE,TRUE,,,,
gucci-rhyton-logo-ivory,,,,,,,,,UK 10,gucci-rhyton-logo-ivory-uk10,shopify,0,deny,manual,19500.00,TRUE,TRUE,,,,
gucci-rhyton-logo-ivory,,,,,,,,,UK 11,gucci-rhyton-logo-ivory-uk11,shopify,0,deny,manual,19500.00,TRUE,TRUE,,,,
gucci-rhyton-logo-ivory,,,,,,,,,UK 12,gucci-rhyton-logo-ivory-uk12,shopify,0,deny,manual,19500.00,TRUE,TRUE,,,,
gucci-screener-off-white,Gucci Screener 'Off White',<p>Gucci Screener in Off White.</p>,Gucci,Apparel & Accessories > Shoes,Sneakers,"Designer, designer, gucci",FALSE,Size,UK 5,gucci-screener-off-white-uk5,shopify,0,deny,manual,18500.00,TRUE,TRUE,https://images.stockx.com/images/Gucci-Screener-Off-White-Product.jpg,1,Gucci Screener 'Off White',draft
gucci-screener-off-white,,,,,,,,,UK 6,gucci-screener-off-white-uk6,shopify,0,deny,manual,18500.00,TRUE,TRUE,,,,
gucci-screener-off-white,,,,,,,,,UK 7,gucci-screener-off-white-uk7,shopify,0,deny,manual,18500.00,TRUE,TRUE,,,,
gucci-screener-off-white,,,,,,,,,UK 8,gucci-screener-off-white-uk8,shopify,0,deny,manual,18500.00,TRUE,TRUE,,,,
gucci-screener-off-white,,,,,,,,,UK 9,gucci-screener-off-white-uk9,shopify,0,deny,manual,18500.00,TRUE,TRUE,,,,
gucci-screener-off-white,,,,,,,,,UK 10,gucci-screener-off-white-uk10,shopify,0,deny,manual,18500.00,TRUE,TRUE,,,,
gucci-screener-off-white,,,,,,,,,UK 11,gucci-screener-off-white-uk11,shopify,0,deny,manual,18500.00,TRUE,TRUE,,,,
gucci-screener-off-white,,,,,,,,,UK 12,gucci-screener-off-white-uk12,shopify,0,deny,manual,18500.00,TRUE,TRUE,,,,
louis-vuitton-lv-trainer-white,Louis Vuitton LV Trainer 'White',<p>Louis Vuitton LV Trainer in White.</p>,Louis Vuitton,Apparel & Accessories > Shoes,Sneakers,"Designer, designer, louis vuitton",FALSE,Size,UK 5,louis-vuitton-lv-trainer-white-uk5,shopify,0,deny,manual,24500.00,TRUE,TRUE,https://images.stockx.com/images/Louis-Vuitton-LV-Trainer-White-Product.jpg,1,Louis Vuitton LV Trainer 'White',draft
louis-vuitton-lv-trainer-white,,,,,,,,,UK 6,louis-vuitton-lv-trainer-white-uk6,shopify,0,deny,manual,24500.00,TRUE,TRUE,,,,
louis-vuitton-lv-trainer-white,,,,,,,,,UK 7,louis-vuitton-lv-trainer-white-uk7,shopify,0,deny,manual,24500.00,TRUE,TRUE,,,,
louis-vuitton-lv-trainer-white,,,,,,,,,UK 8,louis-vuitton-lv-trainer-white-uk8,shopify,0,deny,manual,24500.00,TRUE,TRUE,,,,
louis-vuitton-lv-trainer-white,,,,,,,,,UK 9,louis-vuitton-lv-trainer-white-uk9,shopify,0,deny,manual,24500.00,TRUE,TRUE,,,,
louis-vuitton-lv-trainer-white,,,,,,,,,UK 10,louis-vuitton-lv-trainer-white-uk10,shopify,0,deny,manual,24500.00,TRUE,TRUE,,,,
louis-vuitton-lv-trainer-white,,,,,,,,,UK 11,louis-vuitton-lv-trainer-white-uk11,shopify,0,deny,manual,24500.00,TRUE,TRUE,,,,
louis-vuitton-lv-trainer-white,,,,,,,,,UK 12,louis-vuitton-lv-trainer-white-uk12,shopify,0,deny,manual,24500.00,TRUE,TRUE,,,,
louis-vuitton-lv-skate-black,Louis Vuitton LV Skate 'Black',<p>Louis Vuitton LV Skate in Black.</p>,Louis Vuitton,Apparel & Accessories > Shoes,Sneakers,"Designer, designer, louis vuitton",FALSE,Size,UK 5,louis-vuitton-lv-skate-black-uk5,shopify,0,deny,manual,23500.00,TRUE,TRUE,https://images.stockx.com/images/Louis-Vuitton-LV-Skate-Black-Product.jpg,1,Louis Vuitton LV Skate 'Black',draft
louis-vuitton-lv-skate-black,,,,,,,,,UK 6,louis-vuitton-lv-skate-black-uk6,shopify,0,deny,manual,23500.00,TRUE,TRUE,,,,
louis-vuitton-lv-skate-black,,,,,,,,,UK 7,louis-vuitton-lv-skate-black-uk7,shopify,0,deny,manual,23500.00,TRUE,TRUE,,,,
louis-vuitton-lv-skate-black,,,,,,,,,UK 8,louis-vuitton-lv-skate-black-uk8,shopify,0,deny,manual,23500.00,TRUE,TRUE,,,,
louis-vuitton-lv-skate-black,,,,,,,,,UK 9,louis-vuitton-lv-skate-black-uk9,shopify,0,deny,manual,23500.00,TRUE,TRUE,,,,
louis-vuitton-lv-skate-black,,,,,,,,,UK 10,louis-vuitton-lv-skate-black-uk10,shopify,0,deny,manual,23500.00,TRUE,TRUE,,,,
louis-vuitton-lv-skate-black,,,,,,,,,UK 11,louis-vuitton-lv-skate-black-uk11,shopify,0,deny,manual,23500.00,TRUE,TRUE,,,,
louis-vuitton-lv-skate-black,,,,,,,,,UK 12,louis-vuitton-lv-skate-black-uk12,shopify,0,deny,manual,23500.00,TRUE,TRUE,,,,
balenciaga-triple-s-white,Balenciaga Triple S 'White',<p>Balenciaga Triple S in White.</p>,Balenciaga,Apparel & Accessories > Shoes,Sneakers,"Designer, designer, balenciaga",FALSE,Size,UK 5,balenciaga-triple-s-white-uk5,shopify,0,deny,manual,21000.00,TRUE,TRUE,https://images.stockx.com/images/Balenciaga-Triple-S-White-2018-Product.jpg,1,Balenciaga Triple S 'White',draft
balenciaga-triple-s-white,,,,,,,,,UK 6,balenciaga-triple-s-white-uk6,shopify,0,deny,manual,21000.00,TRUE,TRUE,,,,
balenciaga-triple-s-white,,,,,,,,,UK 7,balenciaga-triple-s-white-uk7,shopify,0,deny,manual,21000.00,TRUE,TRUE,,,,
balenciaga-triple-s-white,,,,,,,,,UK 8,balenciaga-triple-s-white-uk8,shopify,0,deny,manual,21000.00,TRUE,TRUE,,,,
balenciaga-triple-s-white,,,,,,,,,UK 9,balenciaga-triple-s-white-uk9,shopify,0,deny,manual,21000.00,TRUE,TRUE,,,,
balenciaga-triple-s-white,,,,,,,,,UK 10,balenciaga-triple-s-white-uk10,shopify,0,deny,manual,21000.00,TRUE,TRUE,,,,
balenciaga-triple-s-white,,,,,,,,,UK 11,balenciaga-triple-s-white-uk11,shopify,0,deny,manual,21000.00,TRUE,TRUE,,,,
balenciaga-triple-s-white,,,,,,,,,UK 12,balenciaga-triple-s-white-uk12,shopify,0,deny,manual,21000.00,TRUE,TRUE,,,,
balenciaga-track-black,Balenciaga Track 'Black',<p>Balenciaga Track in Black.</p>,Balenciaga,Apparel & Accessories > Shoes,Sneakers,"Designer, designer, balenciaga",FALSE,Size,UK 5,balenciaga-track-black-uk5,shopify,0,deny,manual,21500.00,TRUE,TRUE,https://images.stockx.com/images/Balenciaga-Track-Trainer-Black-Product.jpg,1,Balenciaga Track 'Black',draft
balenciaga-track-black,,,,,,,,,UK 6,balenciaga-track-black-uk6,shopify,0,deny,manual,21500.00,TRUE,TRUE,,,,
balenciaga-track-black,,,,,,,,,UK 7,balenciaga-track-black-uk7,shopify,0,deny,manual,21500.00,TRUE,TRUE,,,,
balenciaga-track-black,,,,,,,,,UK 8,balenciaga-track-black-uk8,shopify,0,deny,manual,21500.00,TRUE,TRUE,,,,
balenciaga-track-black,,,,,,,,,UK 9,balenciaga-track-black-uk9,shopify,0,deny,manual,21500.00,TRUE,TRUE,,,,
balenciaga-track-black,,,,,,,,,UK 10,balenciaga-track-black-uk10,shopify,0,deny,manual,21500.00,TRUE,TRUE,,,,
balenciaga-track-black,,,,,,,,,UK 11,balenciaga-track-black-uk11,shopify,0,deny,manual,21500.00,TRUE,TRUE,,,,
balenciaga-track-black,,,,,,,,,UK 12,balenciaga-track-black-uk12,shopify,0,deny,manual,21500.00,TRUE,TRUE,,,,
balenciaga-3xl-grey,Balenciaga 3XL 'Grey',<p>Balenciaga 3XL in Grey.</p>,Balenciaga,Apparel & Accessories > Shoes,Sneakers,"Designer, designer, balenciaga",FALSE,Size,UK 5,balenciaga-3xl-grey-uk5,shopify,0,deny,manual,25500.00,TRUE,TRUE,https://images.stockx.com/images/Balenciaga-3XL-Grey-Product.jpg,1,Balenciaga 3XL 'Grey',draft
balenciaga-3xl-grey,,,,,,,,,UK 6,balenciaga-3xl-grey-uk6,shopify,0,deny,manual,25500.00,TRUE,TRUE,,,,
balenciaga-3xl-grey,,,,,,,,,UK 7,balenciaga-3xl-grey-uk7,shopify,0,deny,manual,25500.00,TRUE,TRUE,,,,
balenciaga-3xl-grey,,,,,,,,,UK 8,balenciaga-3xl-grey-uk8,shopify,0,deny,manual,25500.00,TRUE,TRUE,,,,
balenciaga-3xl-grey,,,,,,,,,UK 9,balenciaga-3xl-grey-uk9,shopify,0,deny,manual,25500.00,TRUE,TRUE,,,,
balenciaga-3xl-grey,,,,,,,,,UK 10,balenciaga-3xl-grey-uk10,shopify,0,deny,manual,25500.00,TRUE,TRUE,,,,
balenciaga-3xl-grey,,,,,,,,,UK 11,balenciaga-3xl-grey-uk11,shopify,0,deny,manual,25500.00,TRUE,TRUE,,,,
balenciaga-3xl-grey,,,,,,,,,UK 12,balenciaga-3xl-grey-uk12,shopify,0,deny,manual,25500.00,TRUE,TRUE,,,,
balenciaga-speed-trainer-black,Balenciaga Speed Trainer 'Black',<p>Balenciaga Speed Trainer in Black.</p>,Balenciaga,Apparel & Accessories > Shoes,Sneakers,"Designer, designer, balenciaga",FALSE,Size,UK 5,balenciaga-speed-trainer-black-uk5,shopify,0,deny,manual,16500.00,TRUE,TRUE,https://images.stockx.com/images/Balenciaga-Speed-Trainer-Black-Product.jpg,1,Balenciaga Speed Trainer 'Black',draft
balenciaga-speed-trainer-black,,,,,,,,,UK 6,balenciaga-speed-trainer-black-uk6,shopify,0,deny,manual,16500.00,TRUE,TRUE,,,,
balenciaga-speed-trainer-black,,,,,,,,,UK 7,balenciaga-speed-trainer-black-uk7,shopify,0,deny,manual,16500.00,TRUE,TRUE,,,,
balenciaga-speed-trainer-black,,,,,,,,,UK 8,balenciaga-speed-trainer-black-uk8,shopify,0,deny,manual,16500.00,TRUE,TRUE,,,,
balenciaga-speed-trainer-black,,,,,,,,,UK 9,balenciaga-speed-trainer-black-uk9,shopify,0,deny,manual,16500.00,TRUE,TRUE,,,,
balenciaga-speed-trainer-black,,,,,,,,,UK 10,balenciaga-speed-trainer-black-uk10,shopify,0,deny,manual,16500.00,TRUE,TRUE,,,,
balenciaga-speed-trainer-black,,,,,,,,,UK 11,balenciaga-speed-trainer-black-uk11,shopify,0,deny,manual,16500.00,TRUE,TRUE,,,,
balenciaga-speed-trainer-black,,,,,,,,,UK 12,balenciaga-speed-trainer-black-uk12,shopify,0,deny,manual,16500.00,TRUE,TRUE,,,,
dior-b22-white-blue,Dior B22 'White Blue',<p>Dior B22 in White Blue.</p>,Dior,Apparel & Accessories > Shoes,Sneakers,"Designer, designer, dior",FALSE,Size,UK 5,dior-b22-white-blue-uk5,shopify,0,deny,manual,22500.00,TRUE,TRUE,https://images.stockx.com/images/Dior-B22-White-Blue-Product.jpg,1,Dior B22 'White Blue',draft
dior-b22-white-blue,,,,,,,,,UK 6,dior-b22-white-blue-uk6,shopify,0,deny,manual,22500.00,TRUE,TRUE,,,,
dior-b22-white-blue,,,,,,,,,UK 7,dior-b22-white-blue-uk7,shopify,0,deny,manual,22500.00,TRUE,TRUE,,,,
dior-b22-white-blue,,,,,,,,,UK 8,dior-b22-white-blue-uk8,shopify,0,deny,manual,22500.00,TRUE,TRUE,,,,
dior-b22-white-blue,,,,,,,,,UK 9,dior-b22-white-blue-uk9,shopify,0,deny,manual,22500.00,TRUE,TRUE,,,,
dior-b22-white-blue,,,,,,,,,UK 10,dior-b22-white-blue-uk10,shopify,0,deny,manual,22500.00,TRUE,TRUE,,,,
dior-b22-white-blue,,,,,,,,,UK 11,dior-b22-white-blue-uk11,shopify,0,deny,manual,22500.00,TRUE,TRUE,,,,
dior-b22-white-blue,,,,,,,,,UK 12,dior-b22-white-blue-uk12,shopify,0,deny,manual,22500.00,TRUE,TRUE,,,,
dior-b23-high-top-oblique-ecru-blue,Dior B23 High Top Oblique 'Ecru Blue',<p>Dior B23 High Top Oblique in Ecru Blue.</p>,Dior,Apparel & Accessories > Shoes,Sneakers,"Designer, designer, dior",FALSE,Size,UK 5,dior-b23-high-top-oblique-ecru-blue-uk5,shopify,0,deny,manual,23500.00,TRUE,TRUE,https://images.stockx.com/images/Dior-B23-High-Top-Oblique-Product.jpg,1,Dior B23 High Top Oblique 'Ecru Blue',draft
dior-b23-high-top-oblique-ecru-blue,,,,,,,,,UK 6,dior-b23-high-top-oblique-ecru-blue-uk6,shopify,0,deny,manual,23500.00,TRUE,TRUE,,,,
dior-b23-high-top-oblique-ecru-blue,,,,,,,,,UK 7,dior-b23-high-top-oblique-ecru-blue-uk7,shopify,0,deny,manual,23500.00,TRUE,TRUE,,,,
dior-b23-high-top-oblique-ecru-blue,,,,,,,,,UK 8,dior-b23-high-top-oblique-ecru-blue-uk8,shopify,0,deny,manual,23500.00,TRUE,TRUE,,,,
dior-b23-high-top-oblique-ecru-blue,,,,,,,,,UK 9,dior-b23-high-top-oblique-ecru-blue-uk9,shopify,0,deny,manual,23500.00,TRUE,TRUE,,,,
dior-b23-high-top-oblique-ecru-blue,,,,,,,,,UK 10,dior-b23-high-top-oblique-ecru-blue-uk10,shopify,0,deny,manual,23500.00,TRUE,TRUE,,,,
dior-b23-high-top-oblique-ecru-blue,,,,,,,,,UK 11,dior-b23-high-top-oblique-ecru-blue-uk11,shopify,0,deny,manual,23500.00,TRUE,TRUE,,,,
dior-b23-high-top-oblique-ecru-blue,,,,,,,,,UK 12,dior-b23-high-top-oblique-ecru-blue-uk12,shopify,0,deny,manual,23500.00,TRUE,TRUE,,,,
prada-america-s-cup-white-silver,Prada America's Cup 'White Silver',<p>Prada America's Cup in White Silver.</p>,Prada,Apparel & Accessories > Shoes,Sneakers,"Designer, designer, prada",FALSE,Size,UK 5,prada-america-s-cup-white-silver-uk5,shopify,0,deny,manual,17500.00,TRUE,TRUE,https://images.stockx.com/images/Prada-Americas-Cup-White-Silver-Product.jpg,1,Prada America's Cup 'White Silver',draft
prada-america-s-cup-white-silver,,,,,,,,,UK 6,prada-america-s-cup-white-silver-uk6,shopify,0,deny,manual,17500.00,TRUE,TRUE,,,,
prada-america-s-cup-white-silver,,,,,,,,,UK 7,prada-america-s-cup-white-silver-uk7,shopify,0,deny,manual,17500.00,TRUE,TRUE,,,,
prada-america-s-cup-white-silver,,,,,,,,,UK 8,prada-america-s-cup-white-silver-uk8,shopify,0,deny,manual,17500.00,TRUE,TRUE,,,,
prada-america-s-cup-white-silver,,,,,,,,,UK 9,prada-america-s-cup-white-silver-uk9,shopify,0,deny,manual,17500.00,TRUE,TRUE,,,,
prada-america-s-cup-white-silver,,,,,,,,,UK 10,prada-america-s-cup-white-silver-uk10,shopify,0,deny,manual,17500.00,TRUE,TRUE,,,,
prada-america-s-cup-white-silver,,,,,,,,,UK 11,prada-america-s-cup-white-silver-uk11,shopify,0,deny,manual,17500.00,TRUE,TRUE,,,,
prada-america-s-cup-white-silver,,,,,,,,,UK 12,prada-america-s-cup-white-silver-uk12,shopify,0,deny,manual,17500.00,TRUE,TRUE,,,,
alexander-mcqueen-oversized-sneaker-white-black,Alexander McQueen Oversized Sneaker 'White Black',<p>Alexander McQueen Oversized Sneaker in White Black.</p>,Alexander McQueen,Apparel & Accessories > Shoes,Sneakers,"Designer, designer, alexander mcqueen",FALSE,Size,UK 5,alexander-mcqueen-oversized-sneaker-white-black-uk5,shopify,0,deny,manual,12500.00,TRUE,TRUE,https://images.stockx.com/images/Alexander-McQueen-Oversized-White-Black-Product.jpg,1,Alexander McQueen Oversized Sneaker 'White Black',draft
alexander-mcqueen-oversized-sneaker-white-black,,,,,,,,,UK 6,alexander-mcqueen-oversized-sneaker-white-black-uk6,shopify,0,deny,manual,12500.00,TRUE,TRUE,,,,
alexander-mcqueen-oversized-sneaker-white-black,,,,,,,,,UK 7,alexander-mcqueen-oversized-sneaker-white-black-uk7,shopify,0,deny,manual,12500.00,TRUE,TRUE,,,,
alexander-mcqueen-oversized-sneaker-white-black,,,,,,,,,UK 8,alexander-mcqueen-oversized-sneaker-white-black-uk8,shopify,0,deny,manual,12500.00,TRUE,TRUE,,,,
alexander-mcqueen-oversized-sneaker-white-black,,,,,,,,,UK 9,alexander-mcqueen-oversized-sneaker-white-black-uk9,shopify,0,deny,manual,12500.00,TRUE,TRUE,,,,
alexander-mcqueen-oversized-sneaker-white-black,,,,,,,,,UK 10,alexander-mcqueen-oversized-sneaker-white-black-uk10,shopify,0,deny,manual,12500.00,TRUE,TRUE,,,,
alexander-mcqueen-oversized-sneaker-white-black,,,,,,,,,UK 11,alexander-mcqueen-oversized-sneaker-white-black-uk11,shopify,0,deny,manual,12500.00,TRUE,TRUE,,,,
alexander-mcqueen-oversized-sneaker-white-black,,,,,,,,,UK 12,alexander-mcqueen-oversized-sneaker-white-black-uk12,shopify,0,deny,manual,12500.00,TRUE,TRUE,,,,
valentino-one-stud-white,Valentino One Stud 'White',<p>Valentino One Stud in White.</p>,Valentino,Apparel & Accessories > Shoes,Sneakers,"Designer, designer, valentino",FALSE,Size,UK 5,valentino-one-stud-white-uk5,shopify,0,deny,manual,16500.00,TRUE,TRUE,https://images.stockx.com/images/Valentino-Garavani-One-Stud-White-Product.jpg,1,Valentino One Stud 'White',draft
valentino-one-stud-white,,,,,,,,,UK 6,valentino-one-stud-white-uk6,shopify,0,deny,manual,16500.00,TRUE,TRUE,,,,
valentino-one-stud-white,,,,,,,,,UK 7,valentino-one-stud-white-uk7,shopify,0,deny,manual,16500.00,TRUE,TRUE,,,,
valentino-one-stud-white,,,,,,,,,UK 8,valentino-one-stud-white-uk8,shopify,0,deny,manual,16500.00,TRUE,TRUE,,,,
valentino-one-stud-white,,,,,,,,,UK 9,valentino-one-stud-white-uk9,shopify,0,deny,manual,16500.00,TRUE,TRUE,,,,
valentino-one-stud-white,,,,,,,,,UK 10,valentino-one-stud-white-uk10,shopify,0,deny,manual,16500.00,TRUE,TRUE,,,,
valentino-one-stud-white,,,,,,,,,UK 11,valentino-one-stud-white-uk11,shopify,0,deny,manual,16500.00,TRUE,TRUE,,,,
valentino-one-stud-white,,,,,,,,,UK 12,valentino-one-stud-white-uk12,shopify,0,deny,manual,16500.00,TRUE,TRUE,,,,
versace-chain-reaction-black,Versace Chain Reaction 'Black',<p>Versace Chain Reaction in Black.</p>,Versace,Apparel & Accessories > Shoes,Sneakers,"Designer, designer, versace",FALSE,Size,UK 5,versace-chain-reaction-black-uk5,shopify,0,deny,manual,19500.00,TRUE,TRUE,https://images.stockx.com/images/Versace-Chain-Reaction-Black-Product.jpg,1,Versace Chain Reaction 'Black',draft
versace-chain-reaction-black,,,,,,,,,UK 6,versace-chain-reaction-black-uk6,shopify,0,deny,manual,19500.00,TRUE,TRUE,,,,
versace-chain-reaction-black,,,,,,,,,UK 7,versace-chain-reaction-black-uk7,shopify,0,deny,manual,19500.00,TRUE,TRUE,,,,
versace-chain-reaction-black,,,,,,,,,UK 8,versace-chain-reaction-black-uk8,shopify,0,deny,manual,19500.00,TRUE,TRUE,,,,
versace-chain-reaction-black,,,,,,,,,UK 9,versace-chain-reaction-black-uk9,shopify,0,deny,manual,19500.00,TRUE,TRUE,,,,
versace-chain-reaction-black,,,,,,,,,UK 10,versace-chain-reaction-black-uk10,shopify,0,deny,manual,19500.00,TRUE,TRUE,,,,
versace-chain-reaction-black,,,,,,,,,UK 11,versace-chain-reaction-black-uk11,shopify,0,deny,manual,19500.00,TRUE,TRUE,,,,
versace-chain-reaction-black,,,,,,,,,UK 12,versace-chain-reaction-black-uk12,shopify,0,deny,manual,19500.00,TRUE,TRUE,,,,
givenchy-tk-360-black,Givenchy TK-360 'Black',<p>Givenchy TK-360 in Black.</p>,Givenchy,Apparel & Accessories > Shoes,Sneakers,"Designer, designer, givenchy",FALSE,Size,UK 5,givenchy-tk-360-black-uk5,shopify,0,deny,manual,16500.00,TRUE,TRUE,https://images.stockx.com/images/Givenchy-TK-360-Black-Product.jpg,1,Givenchy TK-360 'Black',draft
givenchy-tk-360-black,,,,,,,,,UK 6,givenchy-tk-360-black-uk6,shopify,0,deny,manual,16500.00,TRUE,TRUE,,,,
givenchy-tk-360-black,,,,,,,,,UK 7,givenchy-tk-360-black-uk7,shopify,0,deny,manual,16500.00,TRUE,TRUE,,,,
givenchy-tk-360-black,,,,,,,,,UK 8,givenchy-tk-360-black-uk8,shopify,0,deny,manual,16500.00,TRUE,TRUE,,,,
givenchy-tk-360-black,,,,,,,,,UK 9,givenchy-tk-360-black-uk9,shopify,0,deny,manual,16500.00,TRUE,TRUE,,,,
givenchy-tk-360-black,,,,,,,,,UK 10,givenchy-tk-360-black-uk10,shopify,0,deny,manual,16500.00,TRUE,TRUE,,,,
givenchy-tk-360-black,,,,,,,,,UK 11,givenchy-tk-360-black-uk11,shopify,0,deny,manual,16500.00,TRUE,TRUE,,,,
givenchy-tk-360-black,,,,,,,,,UK 12,givenchy-tk-360-black-uk12,shopify,0,deny,manual,16500.00,TRUE,TRUE,,,,
off-white-out-of-office-white-black,Off-White Out Of Office 'White Black',<p>Off-White Out Of Office in White Black.</p>,Off-White,Apparel & Accessories > Shoes,Sneakers,"Designer, designer, off-white",FALSE,Size,UK 5,off-white-out-of-office-white-black-uk5,shopify,0,deny,manual,9500.00,TRUE,TRUE,https://images.stockx.com/images/OFF-WHITE-Out-Of-Office-OOO-Low-White-Black-Product.jpg,1,Off-White Out Of Office 'White Black',draft
off-white-out-of-office-white-black,,,,,,,,,UK 6,off-white-out-of-office-white-black-uk6,shopify,0,deny,manual,9500.00,TRUE,TRUE,,,,
off-white-out-of-office-white-black,,,,,,,,,UK 7,off-white-out-of-office-white-black-uk7,shopify,0,deny,manual,9500.00,TRUE,TRUE,,,,
off-white-out-of-office-white-black,,,,,,,,,UK 8,off-white-out-of-office-white-black-uk8,shopify,0,deny,manual,9500.00,TRUE,TRUE,,,,
off-white-out-of-office-white-black,,,,,,,,,UK 9,off-white-out-of-office-white-black-uk9,shopify,0,deny,manual,9500.00,TRUE,TRUE,,,,
off-white-out-of-office-white-black,,,,,,,,,UK 10,off-white-out-of-office-white-black-uk10,shopify,0,deny,manual,9500.00,TRUE,TRUE,,,,
off-white-out-of-office-white-black,,,,,,,,,UK 11,off-white-out-of-office-white-black-uk11,shopify,0,deny,manual,9500.00,TRUE,TRUE,,,,
off-white-out-of-office-white-black,,,,,,,,,UK 12,off-white-out-of-office-white-black-uk12,shopify,0,deny,manual,9500.00,TRUE,TRUE,,,,
amiri-skel-top-low-white,Amiri Skel-Top Low 'White',<p>Amiri Skel-Top Low in White.</p>,Amiri,Apparel & Accessories > Shoes,Sneakers,"Designer, designer, amiri",FALSE,Size,UK 5,amiri-skel-top-low-white-uk5,shopify,0,deny,manual,15500.00,TRUE,TRUE,https://images.stockx.com/images/Amiri-Skel-Top-Low-White-Product.jpg,1,Amiri Skel-Top Low 'White',draft
amiri-skel-top-low-white,,,,,,,,,UK 6,amiri-skel-top-low-white-uk6,shopify,0,deny,manual,15500.00,TRUE,TRUE,,,,
amiri-skel-top-low-white,,,,,,,,,UK 7,amiri-skel-top-low-white-uk7,shopify,0,deny,manual,15500.00,TRUE,TRUE,,,,
amiri-skel-top-low-white,,,,,,,,,UK 8,amiri-skel-top-low-white-uk8,shopify,0,deny,manual,15500.00,TRUE,TRUE,,,,
amiri-skel-top-low-white,,,,,,,,,UK 9,amiri-skel-top-low-white-uk9,shopify,0,deny,manual,15500.00,TRUE,TRUE,,,,
amiri-skel-top-low-white,,,,,,,,,UK 10,amiri-skel-top-low-white-uk10,shopify,0,deny,manual,15500.00,TRUE,TRUE,,,,
amiri-skel-top-low-white,,,,,,,,,UK 11,amiri-skel-top-low-white-uk11,shopify,0,deny,manual,15500.00,TRUE,TRUE,,,,
amiri-skel-top-low-white,,,,,,,,,UK 12,amiri-skel-top-low-white-uk12,shopify,0,deny,manual,15500.00,TRUE,TRUE,,,,
rick-owens-geobasket-black-milk,Rick Owens Geobasket 'Black Milk',<p>Rick Owens Geobasket in Black Milk.</p>,Rick Owens,Apparel & Accessories > Shoes,Sneakers,"Designer, designer, rick owens",FALSE,Size,UK 5,rick-owens-geobasket-black-milk-uk5,shopify,0,deny,manual,22500.00,TRUE,TRUE,https://images.stockx.com/images/Rick-Owens-Geobasket-Black-Milk-Product.jpg,1,Rick Owens Geobasket 'Black Milk',draft
rick-owens-geobasket-black-milk,,,,,,,,,UK 6,rick-owens-geobasket-black-milk-uk6,shopify,0,deny,manual,22500.00,TRUE,TRUE,,,,
rick-owens-geobasket-black-milk,,,,,,,,,UK 7,rick-owens-geobasket-black-milk-uk7,shopify,0,deny,manual,22500.00,TRUE,TRUE,,,,
rick-owens-geobasket-black-milk,,,,,,,,,UK 8,rick-owens-geobasket-black-milk-uk8,shopify,0,deny,manual,22500.00,TRUE,TRUE,,,,
rick-owens-geobasket-black-milk,,,,,,,,,UK 9,rick-owens-geobasket-black-milk-uk9,shopify,0,deny,manual,22500.00,TRUE,TRUE,,,,
rick-owens-geobasket-black-milk,,,,,,,,,UK 10,rick-owens-geobasket-black-milk-uk10,shopify,0,deny,manual,22500.00,TRUE,TRUE,,,,
rick-owens-geobasket-black-milk,,,,,,,,,UK 11,rick-owens-geobasket-black-milk-uk11,shopify,0,deny,manual,22500.00,TRUE,TRUE,,,,
rick-owens-geobasket-black-milk,,,,,,,,,UK 12,rick-owens-geobasket-black-milk-uk12,shopify,0,deny,manual,22500.00,TRUE,TRUE,,,,
rick-owens-ramones-low-black-milk,Rick Owens Ramones Low 'Black Milk',<p>Rick Owens Ramones Low in Black Milk.</p>,Rick Owens,Apparel & Accessories > Shoes,Sneakers,"Designer, designer, rick owens",FALSE,Size,UK 5,rick-owens-ramones-low-black-milk-uk5,shopify,0,deny,manual,12500.00,TRUE,TRUE,https://images.stockx.com/images/Rick-Owens-DRKSHDW-Ramones-Low-Black-Milk-Product.jpg,1,Rick Owens Ramones Low 'Black Milk',draft
rick-owens-ramones-low-black-milk,,,,,,,,,UK 6,rick-owens-ramones-low-black-milk-uk6,shopify,0,deny,manual,12500.00,TRUE,TRUE,,,,
rick-owens-ramones-low-black-milk,,,,,,,,,UK 7,rick-owens-ramones-low-black-milk-uk7,shopify,0,deny,manual,12500.00,TRUE,TRUE,,,,
rick-owens-ramones-low-black-milk,,,,,,,,,UK 8,rick-owens-ramones-low-black-milk-uk8,shopify,0,deny,manual,12500.00,TRUE,TRUE,,,,
rick-owens-ramones-low-black-milk,,,,,,,,,UK 9,rick-owens-ramones-low-black-milk-uk9,shopify,0,deny,manual,12500.00,TRUE,TRUE,,,,
rick-owens-ramones-low-black-milk,,,,,,,,,UK 10,rick-owens-ramones-low-black-milk-uk10,shopify,0,deny,manual,12500.00,TRUE,TRUE,,,,
rick-owens-ramones-low-black-milk,,,,,,,,,UK 11,rick-owens-ramones-low-black-milk-uk11,shopify,0,deny,manual,12500.00,TRUE,TRUE,,,,
rick-owens-ramones-low-black-milk,,,,,,,,,UK 12,rick-owens-ramones-low-black-milk-uk12,shopify,0,deny,manual,12500.00,TRUE,TRUE,,,,
golden-goose-super-star-white-black-star,Golden Goose Super-Star 'White Black Star',<p>Golden Goose Super-Star in White Black Star.</p>,Golden Goose,Apparel & Accessories > Shoes,Sneakers,"Designer, designer, golden goose",FALSE,Size,UK 5,golden-goose-super-star-white-black-star-uk5,shopify,0,deny,manual,11500.00,TRUE,TRUE,https://images.stockx.com/images/Golden-Goose-Super-Star-White-Black-Product.jpg,1,Golden Goose Super-Star 'White Black Star',draft
golden-goose-super-star-white-black-star,,,,,,,,,UK 6,golden-goose-super-star-white-black-star-uk6,shopify,0,deny,manual,11500.00,TRUE,TRUE,,,,
golden-goose-super-star-white-black-star,,,,,,,,,UK 7,golden-goose-super-star-white-black-star-uk7,shopify,0,deny,manual,11500.00,TRUE,TRUE,,,,
golden-goose-super-star-white-black-star,,,,,,,,,UK 8,golden-goose-super-star-white-black-star-uk8,shopify,0,deny,manual,11500.00,TRUE,TRUE,,,,
golden-goose-super-star-white-black-star,,,,,,,,,UK 9,golden-goose-super-star-white-black-star-uk9,shopify,0,deny,manual,11500.00,TRUE,TRUE,,,,
golden-goose-super-star-white-black-star,,,,,,,,,UK 10,golden-goose-super-star-white-black-star-uk10,shopify,0,deny,manual,11500.00,TRUE,TRUE,,,,
golden-goose-super-star-white-black-star,,,,,,,,,UK 11,golden-goose-super-star-white-black-star-uk11,shopify,0,deny,manual,11500.00,TRUE,TRUE,,,,
golden-goose-super-star-white-black-star,,,,,,,,,UK 12,golden-goose-super-star-white-black-star-uk12,shopify,0,deny,manual,11500.00,TRUE,TRUE,,,,
common-projects-achilles-low-white,Common Projects Achilles Low 'White',<p>Common Projects Achilles Low in White.</p>,Common Projects,Apparel & Accessories > Shoes,Sneakers,"Designer, designer, common projects",FALSE,Size,UK 5,common-projects-achilles-low-white-uk5,shopify,0,deny,manual,8500.00,TRUE,TRUE,https://images.stockx.com/images/Common-Projects-Achilles-Low-White-Product.jpg,1,Common Projects Achilles Low 'White',draft
common-projects-achilles-low-white,,,,,,,,,UK 6,common-projects-achilles-low-white-uk6,shopify,0,deny,manual,8500.00,TRUE,TRUE,,,,
common-projects-achilles-low-white,,,,,,,,,UK 7,common-projects-achilles-low-white-uk7,shopify,0,deny,manual,8500.00,TRUE,TRUE,,,,
common-projects-achilles-low-white,,,,,,,,,UK 8,common-projects-achilles-low-white-uk8,shopify,0,deny,manual,8500.00,TRUE,TRUE,,,,
common-projects-achilles-low-white,,,,,,,,,UK 9,common-projects-achilles-low-white-uk9,shopify,0,deny,manual,8500.00,TRUE,TRUE,,,,
common-projects-achilles-low-white,,,,,,,,,UK 10,common-projects-achilles-low-white-uk10,shopify,0,deny,manual,8500.00,TRUE,TRUE,,,,
common-projects-achilles-low-white,,,,,,,,,UK 11,common-projects-achilles-low-white-uk11,shopify,0,deny,manual,8500.00,TRUE,TRUE,,,,
common-projects-achilles-low-white,,,,,,,,,UK 12,common-projects-achilles-low-white-uk12,shopify,0,deny,manual,8500.00,TRUE,TRUE,,,,
maison-margiela-replica-white,Maison Margiela Replica 'White',<p>Maison Margiela Replica in White.</p>,Maison Margiela,Apparel & Accessories > Shoes,Sneakers,"Designer, designer, maison margiela",FALSE,Size,UK 5,maison-margiela-replica-white-uk5,shopify,0,deny,manual,9500.00,TRUE,TRUE,https://images.stockx.com/images/Maison-Margiela-Replica-Low-Top-White-Product.jpg,1,Maison Margiela Replica 'White',draft
maison-margiela-replica-white,,,,,,,,,UK 6,maison-margiela-replica-white-uk6,shopify,0,deny,manual,9500.00,TRUE,TRUE,,,,
maison-margiela-replica-white,,,,,,,,,UK 7,maison-margiela-replica-white-uk7,shopify,0,deny,manual,9500.00,TRUE,TRUE,,,,
maison-margiela-replica-white,,,,,,,,,UK 8,maison-margiela-replica-white-uk8,shopify,0,deny,manual,9500.00,TRUE,TRUE,,,,
maison-margiela-replica-white,,,,,,,,,UK 9,maison-margiela-replica-white-uk9,shopify,0,deny,manual,9500.00,TRUE,TRUE,,,,
maison-margiela-replica-white,,,,,,,,,UK 10,maison-margiela-replica-white-uk10,shopify,0,deny,manual,9500.00,TRUE,TRUE,,,,
maison-margiela-replica-white,,,,,,,,,UK 11,maison-margiela-replica-white-uk11,shopify,0,deny,manual,9500.00,TRUE,TRUE,,,,
maison-margiela-replica-white,,,,,,,,,UK 12,maison-margiela-replica-white-uk12,shopify,0,deny,manual,9500.00,TRUE,TRUE,,,,
christian-louboutin-louis-junior-spikes-black,Christian Louboutin Louis Junior Spikes 'Black',<p>Christian Louboutin Louis Junior Spikes in Black.</p>,Christian Louboutin,Apparel & Accessories > Shoes,Sneakers,"Designer, designer, christian louboutin",FALSE,Size,UK 5,christian-louboutin-louis-junior-spikes-black-uk5,shopify,0,deny,manual,24500.00,TRUE,TRUE,https://images.stockx.com/images/Christian-Louboutin-Louis-Junior-Spikes-Black-Product.jpg,1,Christian Louboutin Louis Junior Spikes 'Black',draft
christian-louboutin-louis-junior-spikes-black,,,,,,,,,UK 6,christian-louboutin-louis-junior-spikes-black-uk6,shopify,0,deny,manual,24500.00,TRUE,TRUE,,,,
christian-louboutin-louis-junior-spikes-black,,,,,,,,,UK 7,christian-louboutin-louis-junior-spikes-black-uk7,shopify,0,deny,manual,24500.00,TRUE,TRUE,,,,
christian-louboutin-louis-junior-spikes-black,,,,,,,,,UK 8,christian-louboutin-louis-junior-spikes-black-uk8,shopify,0,deny,manual,24500.00,TRUE,TRUE,,,,
christian-louboutin-louis-junior-spikes-black,,,,,,,,,UK 9,christian-louboutin-louis-junior-spikes-black-uk9,shopify,0,deny,manual,24500.00,TRUE,TRUE,,,,
christian-louboutin-louis-junior-spikes-black,,,,,,,,,UK 10,christian-louboutin-louis-junior-spikes-black-uk10,shopify,0,deny,manual,24500.00,TRUE,TRUE,,,,
christian-louboutin-louis-junior-spikes-black,,,,,,,,,UK 11,christian-louboutin-louis-junior-spikes-black-uk11,shopify,0,deny,manual,24500.00,TRUE,TRUE,,,,
christian-louboutin-louis-junior-spikes-black,,,,,,,,,UK 12,christian-louboutin-louis-junior-spikes-black-uk12,shopify,0,deny,manual,24500.00,TRUE,TRUE,,,,
bottega-veneta-orbit-black,Bottega Veneta Orbit 'Black',<p>Bottega Veneta Orbit in Black.</p>,Bottega Veneta,Apparel & Accessories > Shoes,Sneakers,"Designer, designer, bottega veneta",FALSE,Size,UK 5,bottega-veneta-orbit-black-uk5,shopify,0,deny,manual,18500.00,TRUE,TRUE,https://images.stockx.com/images/Bottega-Veneta-Orbit-Sneaker-Black-Product.jpg,1,Bottega Veneta Orbit 'Black',draft
bottega-veneta-orbit-black,,,,,,,,,UK 6,bottega-veneta-orbit-black-uk6,shopify,0,deny,manual,18500.00,TRUE,TRUE,,,,
bottega-veneta-orbit-black,,,,,,,,,UK 7,bottega-veneta-orbit-black-uk7,shopify,0,deny,manual,18500.00,TRUE,TRUE,,,,
bottega-veneta-orbit-black,,,,,,,,,UK 8,bottega-veneta-orbit-black-uk8,shopify,0,deny,manual,18500.00,TRUE,TRUE,,,,
bottega-veneta-orbit-black,,,,,,,,,UK 9,bottega-veneta-orbit-black-uk9,shopify,0,deny,manual,18500.00,TRUE,TRUE,,,,
bottega-veneta-orbit-black,,,,,,,,,UK 10,bottega-veneta-orbit-black-uk10,shopify,0,deny,manual,18500.00,TRUE,TRUE,,,,
bottega-veneta-orbit-black,,,,,,,,,UK 11,bottega-veneta-orbit-black-uk11,shopify,0,deny,manual,18500.00,TRUE,TRUE,,,,
bottega-veneta-orbit-black,,,,,,,,,UK 12,bottega-veneta-orbit-black-uk12,shopify,0,deny,manual,18500.00,TRUE,TRUE,,,,
loewe-flow-runner-black,Loewe Flow Runner 'Black',<p>Loewe Flow Runner in Black.</p>,Loewe,Apparel & Accessories > Shoes,Sneakers,"Designer, designer, loewe",FALSE,Size,UK 5,loewe-flow-runner-black-uk5,shopify,0,deny,manual,13500.00,TRUE,TRUE,https://images.stockx.com/images/Loewe-Flow-Runner-Black-Product.jpg,1,Loewe Flow Runner 'Black',draft
loewe-flow-runner-black,,,,,,,,,UK 6,loewe-flow-runner-black-uk6,shopify,0,deny,manual,13500.00,TRUE,TRUE,,,,
loewe-flow-runner-black,,,,,,,,,UK 7,loewe-flow-runner-black-uk7,shopify,0,deny,manual,13500.00,TRUE,TRUE,,,,
loewe-flow-runner-black,,,,,,,,,UK 8,loewe-flow-runner-black-uk8,shopify,0,deny,manual,13500.00,TRUE,TRUE,,,,
loewe-flow-runner-black,,,,,,,,,UK 9,loewe-flow-runner-black-uk9,shopify,0,deny,manual,13500.00,TRUE,TRUE,,,,
loewe-flow-runner-black,,,,,,,,,UK 10,loewe-flow-runner-black-uk10,shopify,0,deny,manual,13500.00,TRUE,TRUE,,,,
loewe-flow-runner-black,,,,,,,,,UK 11,loewe-flow-runner-black-uk11,shopify,0,deny,manual,13500.00,TRUE,TRUE,,,,
loewe-flow-runner-black,,,,,,,,,UK 12,loewe-flow-runner-black-uk12,shopify,0,deny,manual,13500.00,TRUE,TRUE,,,,
jordan-air-jordan-1-low-x-travis-scott-mocha,Jordan Air Jordan 1 Low x Travis Scott 'Mocha',<p>Jordan Air Jordan 1 Low x Travis Scott in Mocha.</p>,Jordan,Apparel & Accessories > Shoes,Sneakers,"Rare & Hype, rare, jordan",FALSE,Size,UK 5,jordan-air-jordan-1-low-x-travis-scott-mocha-uk5,shopify,0,deny,manual,28000.00,TRUE,TRUE,https://images.stockx.com/images/Air-Jordan-1-Low-Travis-Scott-Product.jpg,1,Jordan Air Jordan 1 Low x Travis Scott 'Mocha',draft
jordan-air-jordan-1-low-x-travis-scott-mocha,,,,,,,,,UK 6,jordan-air-jordan-1-low-x-travis-scott-mocha-uk6,shopify,0,deny,manual,28000.00,TRUE,TRUE,,,,
jordan-air-jordan-1-low-x-travis-scott-mocha,,,,,,,,,UK 7,jordan-air-jordan-1-low-x-travis-scott-mocha-uk7,shopify,0,deny,manual,28000.00,TRUE,TRUE,,,,
jordan-air-jordan-1-low-x-travis-scott-mocha,,,,,,,,,UK 8,jordan-air-jordan-1-low-x-travis-scott-mocha-uk8,shopify,0,deny,manual,28000.00,TRUE,TRUE,,,,
jordan-air-jordan-1-low-x-travis-scott-mocha,,,,,,,,,UK 9,jordan-air-jordan-1-low-x-travis-scott-mocha-uk9,shopify,0,deny,manual,28000.00,TRUE,TRUE,,,,
jordan-air-jordan-1-low-x-travis-scott-mocha,,,,,,,,,UK 10,jordan-air-jordan-1-low-x-travis-scott-mocha-uk10,shopify,0,deny,manual,28000.00,TRUE,TRUE,,,,
jordan-air-jordan-1-low-x-travis-scott-mocha,,,,,,,,,UK 11,jordan-air-jordan-1-low-x-travis-scott-mocha-uk11,shopify,0,deny,manual,28000.00,TRUE,TRUE,,,,
jordan-air-jordan-1-low-x-travis-scott-mocha,,,,,,,,,UK 12,jordan-air-jordan-1-low-x-travis-scott-mocha-uk12,shopify,0,deny,manual,28000.00,TRUE,TRUE,,,,
jordan-air-jordan-1-low-og-x-travis-scott-reverse-mocha,Jordan Air Jordan 1 Low OG x Travis Scott 'Reverse Mocha',<p>Jordan Air Jordan 1 Low OG x Travis Scott in Reverse Mocha.</p>,Jordan,Apparel & Accessories > Shoes,Sneakers,"Rare & Hype, rare, jordan",FALSE,Size,UK 5,jordan-air-jordan-1-low-og-x-travis-scott-reverse-mocha-uk5,shopify,0,deny,manual,26000.00,TRUE,TRUE,https://images.stockx.com/images/Air-Jordan-1-Retro-Low-OG-SP-Travis-Scott-Reverse-Mocha-Product.jpg,1,Jordan Air Jordan 1 Low OG x Travis Scott 'Reverse Mocha',draft
jordan-air-jordan-1-low-og-x-travis-scott-reverse-mocha,,,,,,,,,UK 6,jordan-air-jordan-1-low-og-x-travis-scott-reverse-mocha-uk6,shopify,0,deny,manual,26000.00,TRUE,TRUE,,,,
jordan-air-jordan-1-low-og-x-travis-scott-reverse-mocha,,,,,,,,,UK 7,jordan-air-jordan-1-low-og-x-travis-scott-reverse-mocha-uk7,shopify,0,deny,manual,26000.00,TRUE,TRUE,,,,
jordan-air-jordan-1-low-og-x-travis-scott-reverse-mocha,,,,,,,,,UK 8,jordan-air-jordan-1-low-og-x-travis-scott-reverse-mocha-uk8,shopify,0,deny,manual,26000.00,TRUE,TRUE,,,,
jordan-air-jordan-1-low-og-x-travis-scott-reverse-mocha,,,,,,,,,UK 9,jordan-air-jordan-1-low-og-x-travis-scott-reverse-mocha-uk9,shopify,0,deny,manual,26000.00,TRUE,TRUE,,,,
jordan-air-jordan-1-low-og-x-travis-scott-reverse-mocha,,,,,,,,,UK 10,jordan-air-jordan-1-low-og-x-travis-scott-reverse-mocha-uk10,shopify,0,deny,manual,26000.00,TRUE,TRUE,,,,
jordan-air-jordan-1-low-og-x-travis-scott-reverse-mocha,,,,,,,,,UK 11,jordan-air-jordan-1-low-og-x-travis-scott-reverse-mocha-uk11,shopify,0,deny,manual,26000.00,TRUE,TRUE,,,,
jordan-air-jordan-1-low-og-x-travis-scott-reverse-mocha,,,,,,,,,UK 12,jordan-air-jordan-1-low-og-x-travis-scott-reverse-mocha-uk12,shopify,0,deny,manual,26000.00,TRUE,TRUE,,,,
jordan-air-jordan-1-low-og-x-travis-scott-olive,Jordan Air Jordan 1 Low OG x Travis Scott 'Olive',<p>Jordan Air Jordan 1 Low OG x Travis Scott in Olive.</p>,Jordan,Apparel & Accessories > Shoes,Sneakers,"Rare & Hype, rare, jordan",FALSE,Size,UK 5,jordan-air-jordan-1-low-og-x-travis-scott-olive-uk5,shopify,0,deny,manual,18500.00,TRUE,TRUE,https://images.stockx.com/images/Air-Jordan-1-Low-OG-SP-Travis-Scott-Olive-W-Product.jpg,1,Jordan Air Jordan 1 Low OG x Travis Scott 'Olive',draft
jordan-air-jordan-1-low-og-x-travis-scott-olive,,,,,,,,,UK 6,jordan-air-jordan-1-low-og-x-travis-scott-olive-uk6,shopify,0,deny,manual,18500.00,TRUE,TRUE,,,,
jordan-air-jordan-1-low-og-x-travis-scott-olive,,,,,,,,,UK 7,jordan-air-jordan-1-low-og-x-travis-scott-olive-uk7,shopify,0,deny,manual,18500.00,TRUE,TRUE,,,,
jordan-air-jordan-1-low-og-x-travis-scott-olive,,,,,,,,,UK 8,jordan-air-jordan-1-low-og-x-travis-scott-olive-uk8,shopify,0,deny,manual,18500.00,TRUE,TRUE,,,,
jordan-air-jordan-1-low-og-x-travis-scott-olive,,,,,,,,,UK 9,jordan-air-jordan-1-low-og-x-travis-scott-olive-uk9,shopify,0,deny,manual,18500.00,TRUE,TRUE,,,,
jordan-air-jordan-1-low-og-x-travis-scott-olive,,,,,,,,,UK 10,jordan-air-jordan-1-low-og-x-travis-scott-olive-uk10,shopify,0,deny,manual,18500.00,TRUE,TRUE,,,,
jordan-air-jordan-1-low-og-x-travis-scott-olive,,,,,,,,,UK 11,jordan-air-jordan-1-low-og-x-travis-scott-olive-uk11,shopify,0,deny,manual,18500.00,TRUE,TRUE,,,,
jordan-air-jordan-1-low-og-x-travis-scott-olive,,,,,,,,,UK 12,jordan-air-jordan-1-low-og-x-travis-scott-olive-uk12,shopify,0,deny,manual,18500.00,TRUE,TRUE,,,,
jordan-air-jordan-1-high-og-x-dior-grey,Jordan Air Jordan 1 High OG x Dior 'Grey',<p>Jordan Air Jordan 1 High OG x Dior in Grey.</p>,Jordan,Apparel & Accessories > Shoes,Sneakers,"Rare & Hype, rare, jordan",FALSE,Size,UK 5,jordan-air-jordan-1-high-og-x-dior-grey-uk5,shopify,0,deny,manual,180000.00,TRUE,TRUE,https://images.stockx.com/images/Air-Jordan-1-Retro-High-Dior-Product.jpg,1,Jordan Air Jordan 1 High OG x Dior 'Grey',draft
jordan-air-jordan-1-high-og-x-dior-grey,,,,,,,,,UK 6,jordan-air-jordan-1-high-og-x-dior-grey-uk6,shopify,0,deny,manual,180000.00,TRUE,TRUE,,,,
jordan-air-jordan-1-high-og-x-dior-grey,,,,,,,,,UK 7,jordan-air-jordan-1-high-og-x-dior-grey-uk7,shopify,0,deny,manual,180000.00,TRUE,TRUE,,,,
jordan-air-jordan-1-high-og-x-dior-grey,,,,,,,,,UK 8,jordan-air-jordan-1-high-og-x-dior-grey-uk8,shopify,0,deny,manual,180000.00,TRUE,TRUE,,,,
jordan-air-jordan-1-high-og-x-dior-grey,,,,,,,,,UK 9,jordan-air-jordan-1-high-og-x-dior-grey-uk9,shopify,0,deny,manual,180000.00,TRUE,TRUE,,,,
jordan-air-jordan-1-high-og-x-dior-grey,,,,,,,,,UK 10,jordan-air-jordan-1-high-og-x-dior-grey-uk10,shopify,0,deny,manual,180000.00,TRUE,TRUE,,,,
jordan-air-jordan-1-high-og-x-dior-grey,,,,,,,,,UK 11,jordan-air-jordan-1-high-og-x-dior-grey-uk11,shopify,0,deny,manual,180000.00,TRUE,TRUE,,,,
jordan-air-jordan-1-high-og-x-dior-grey,,,,,,,,,UK 12,jordan-air-jordan-1-high-og-x-dior-grey-uk12,shopify,0,deny,manual,180000.00,TRUE,TRUE,,,,
jordan-air-jordan-4-x-off-white-sail,Jordan Air Jordan 4 x Off-White 'Sail',<p>Jordan Air Jordan 4 x Off-White in Sail.</p>,Jordan,Apparel & Accessories > Shoes,Sneakers,"Rare & Hype, rare, jordan",FALSE,Size,UK 5,jordan-air-jordan-4-x-off-white-sail-uk5,shopify,0,deny,manual,22000.00,TRUE,TRUE,https://images.stockx.com/images/Air-Jordan-4-Retro-Off-White-Sail-W-Product.jpg,1,Jordan Air Jordan 4 x Off-White 'Sail',draft
jordan-air-jordan-4-x-off-white-sail,,,,,,,,,UK 6,jordan-air-jordan-4-x-off-white-sail-uk6,shopify,0,deny,manual,22000.00,TRUE,TRUE,,,,
jordan-air-jordan-4-x-off-white-sail,,,,,,,,,UK 7,jordan-air-jordan-4-x-off-white-sail-uk7,shopify,0,deny,manual,22000.00,TRUE,TRUE,,,,
jordan-air-jordan-4-x-off-white-sail,,,,,,,,,UK 8,jordan-air-jordan-4-x-off-white-sail-uk8,shopify,0,deny,manual,22000.00,TRUE,TRUE,,,,
jordan-air-jordan-4-x-off-white-sail,,,,,,,,,UK 9,jordan-air-jordan-4-x-off-white-sail-uk9,shopify,0,deny,manual,22000.00,TRUE,TRUE,,,,
jordan-air-jordan-4-x-off-white-sail,,,,,,,,,UK 10,jordan-air-jordan-4-x-off-white-sail-uk10,shopify,0,deny,manual,22000.00,TRUE,TRUE,,,,
jordan-air-jordan-4-x-off-white-sail,,,,,,,,,UK 11,jordan-air-jordan-4-x-off-white-sail-uk11,shopify,0,deny,manual,22000.00,TRUE,TRUE,,,,
jordan-air-jordan-4-x-off-white-sail,,,,,,,,,UK 12,jordan-air-jordan-4-x-off-white-sail-uk12,shopify,0,deny,manual,22000.00,TRUE,TRUE,,,,
jordan-air-jordan-1-high-x-off-white-chicago,Jordan Air Jordan 1 High x Off-White 'Chicago',<p>Jordan Air Jordan 1 High x Off-White in Chicago.</p>,Jordan,Apparel & Accessories > Shoes,Sneakers,"Rare & Hype, rare, jordan",FALSE,Size,UK 5,jordan-air-jordan-1-high-x-off-white-chicago-uk5,shopify,0,deny,manual,95000.00,TRUE,TRUE,https://images.stockx.com/images/Air-Jordan-1-Retro-High-Off-White-Chicago-Product.jpg,1,Jordan Air Jordan 1 High x Off-White 'Chicago',draft
jordan-air-jordan-1-high-x-off-white-chicago,,,,,,,,,UK 6,jordan-air-jordan-1-high-x-off-white-chicago-uk6,shopify,0,deny,manual,95000.00,TRUE,TRUE,,,,
jordan-air-jordan-1-high-x-off-white-chicago,,,,,,,,,UK 7,jordan-air-jordan-1-high-x-off-white-chicago-uk7,shopify,0,deny,manual,95000.00,TRUE,TRUE,,,,
jordan-air-jordan-1-high-x-off-white-chicago,,,,,,,,,UK 8,jordan-air-jordan-1-high-x-off-white-chicago-uk8,shopify,0,deny,manual,95000.00,TRUE,TRUE,,,,
jordan-air-jordan-1-high-x-off-white-chicago,,,,,,,,,UK 9,jordan-air-jordan-1-high-x-off-white-chicago-uk9,shopify,0,deny,manual,95000.00,TRUE,TRUE,,,,
jordan-air-jordan-1-high-x-off-white-chicago,,,,,,,,,UK 10,jordan-air-jordan-1-high-x-off-white-chicago-uk10,shopify,0,deny,manual,95000.00,TRUE,TRUE,,,,
jordan-air-jordan-1-high-x-off-white-chicago,,,,,,,,,UK 11,jordan-air-jordan-1-high-x-off-white-chicago-uk11,shopify,0,deny,manual,95000.00,TRUE,TRUE,,,,
jordan-air-jordan-1-high-x-off-white-chicago,,,,,,,,,UK 12,jordan-air-jordan-1-high-x-off-white-chicago-uk12,shopify,0,deny,manual,95000.00,TRUE,TRUE,,,,
jordan-air-jordan-1-high-x-union-la-black-toe,Jordan Air Jordan 1 High x Union LA 'Black Toe',<p>Jordan Air Jordan 1 High x Union LA in Black Toe.</p>,Jordan,Apparel & Accessories > Shoes,Sneakers,"Rare & Hype, rare, jordan",FALSE,Size,UK 5,jordan-air-jordan-1-high-x-union-la-black-toe-uk5,shopify,0,deny,manual,32000.00,TRUE,TRUE,https://images.stockx.com/images/Air-Jordan-1-Retro-High-Union-Los-Angeles-Black-Toe-Product.jpg,1,Jordan Air Jordan 1 High x Union LA 'Black Toe',draft
jordan-air-jordan-1-high-x-union-la-black-toe,,,,,,,,,UK 6,jordan-air-jordan-1-high-x-union-la-black-toe-uk6,shopify,0,deny,manual,32000.00,TRUE,TRUE,,,,
jordan-air-jordan-1-high-x-union-la-black-toe,,,,,,,,,UK 7,jordan-air-jordan-1-high-x-union-la-black-toe-uk7,shopify,0,deny,manual,32000.00,TRUE,TRUE,,,,
jordan-air-jordan-1-high-x-union-la-black-toe,,,,,,,,,UK 8,jordan-air-jordan-1-high-x-union-la-black-toe-uk8,shopify,0,deny,manual,32000.00,TRUE,TRUE,,,,
jordan-air-jordan-1-high-x-union-la-black-toe,,,,,,,,,UK 9,jordan-air-jordan-1-high-x-union-la-black-toe-uk9,shopify,0,deny,manual,32000.00,TRUE,TRUE,,,,
jordan-air-jordan-1-high-x-union-la-black-toe,,,,,,,,,UK 10,jordan-air-jordan-1-high-x-union-la-black-toe-uk10,shopify,0,deny,manual,32000.00,TRUE,TRUE,,,,
jordan-air-jordan-1-high-x-union-la-black-toe,,,,,,,,,UK 11,jordan-air-jordan-1-high-x-union-la-black-toe-uk11,shopify,0,deny,manual,32000.00,TRUE,TRUE,,,,
jordan-air-jordan-1-high-x-union-la-black-toe,,,,,,,,,UK 12,jordan-air-jordan-1-high-x-union-la-black-toe-uk12,shopify,0,deny,manual,32000.00,TRUE,TRUE,,,,
jordan-air-jordan-4-x-a-ma-maniere-violet-ore,Jordan Air Jordan 4 x A Ma Maniere 'Violet Ore',<p>Jordan Air Jordan 4 x A Ma Maniere in Violet Ore.</p>,Jordan,Apparel & Accessories > Shoes,Sneakers,"Rare & Hype, rare, jordan",FALSE,Size,UK 5,jordan-air-jordan-4-x-a-ma-maniere-violet-ore-uk5,shopify,0,deny,manual,12500.00,TRUE,TRUE,https://images.stockx.com/images/Air-Jordan-4-Retro-A-Ma-Maniere-Violet-Ore-W-Product.jpg,1,Jordan Air Jordan 4 x A Ma Maniere 'Violet Ore',draft
jordan-air-jordan-4-x-a-ma-maniere-violet-ore,,,,,,,,,UK 6,jordan-air-jordan-4-x-a-ma-maniere-violet-ore-uk6,shopify,0,deny,manual,12500.00,TRUE,TRUE,,,,
jordan-air-jordan-4-x-a-ma-maniere-violet-ore,,,,,,,,,UK 7,jordan-air-jordan-4-x-a-ma-maniere-violet-ore-uk7,shopify,0,deny,manual,12500.00,TRUE,TRUE,,,,
jordan-air-jordan-4-x-a-ma-maniere-violet-ore,,,,,,,,,UK 8,jordan-air-jordan-4-x-a-ma-maniere-violet-ore-uk8,shopify,0,deny,manual,12500.00,TRUE,TRUE,,,,
jordan-air-jordan-4-x-a-ma-maniere-violet-ore,,,,,,,,,UK 9,jordan-air-jordan-4-x-a-ma-maniere-violet-ore-uk9,shopify,0,deny,manual,12500.00,TRUE,TRUE,,,,
jordan-air-jordan-4-x-a-ma-maniere-violet-ore,,,,,,,,,UK 10,jordan-air-jordan-4-x-a-ma-maniere-violet-ore-uk10,shopify,0,deny,manual,12500.00,TRUE,TRUE,,,,
jordan-air-jordan-4-x-a-ma-maniere-violet-ore,,,,,,,,,UK 11,jordan-air-jordan-4-x-a-ma-maniere-violet-ore-uk11,shopify,0,deny,manual,12500.00,TRUE,TRUE,,,,
jordan-air-jordan-4-x-a-ma-maniere-violet-ore,,,,,,,,,UK 12,jordan-air-jordan-4-x-a-ma-maniere-violet-ore-uk12,shopify,0,deny,manual,12500.00,TRUE,TRUE,,,,
nike-air-force-1-low-x-louis-vuitton-white-comet-red,Nike Air Force 1 Low x Louis Vuitton 'White Comet Red',<p>Nike Air Force 1 Low x Louis Vuitton in White Comet Red.</p>,Nike,Apparel & Accessories > Shoes,Sneakers,"Rare & Hype, rare, nike",FALSE,Size,UK 5,nike-air-force-1-low-x-louis-vuitton-white-comet-red-uk5,shopify,0,deny,manual,95000.00,TRUE,TRUE,https://images.stockx.com/images/Nike-Air-Force-1-Low-Louis-Vuitton-White-Comet-Red-Product.jpg,1,Nike Air Force 1 Low x Louis Vuitton 'White Comet Red',draft
nike-air-force-1-low-x-louis-vuitton-white-comet-red,,,,,,,,,UK 6,nike-air-force-1-low-x-louis-vuitton-white-comet-red-uk6,shopify,0,deny,manual,95000.00,TRUE,TRUE,,,,
nike-air-force-1-low-x-louis-vuitton-white-comet-red,,,,,,,,,UK 7,nike-air-force-1-low-x-louis-vuitton-white-comet-red-uk7,shopify,0,deny,manual,95000.00,TRUE,TRUE,,,,
nike-air-force-1-low-x-louis-vuitton-white-comet-red,,,,,,,,,UK 8,nike-air-force-1-low-x-louis-vuitton-white-comet-red-uk8,shopify,0,deny,manual,95000.00,TRUE,TRUE,,,,
nike-air-force-1-low-x-louis-vuitton-white-comet-red,,,,,,,,,UK 9,nike-air-force-1-low-x-louis-vuitton-white-comet-red-uk9,shopify,0,deny,manual,95000.00,TRUE,TRUE,,,,
nike-air-force-1-low-x-louis-vuitton-white-comet-red,,,,,,,,,UK 10,nike-air-force-1-low-x-louis-vuitton-white-comet-red-uk10,shopify,0,deny,manual,95000.00,TRUE,TRUE,,,,
nike-air-force-1-low-x-louis-vuitton-white-comet-red,,,,,,,,,UK 11,nike-air-force-1-low-x-louis-vuitton-white-comet-red-uk11,shopify,0,deny,manual,95000.00,TRUE,TRUE,,,,
nike-air-force-1-low-x-louis-vuitton-white-comet-red,,,,,,,,,UK 12,nike-air-force-1-low-x-louis-vuitton-white-comet-red-uk12,shopify,0,deny,manual,95000.00,TRUE,TRUE,,,,
nike-dunk-low-x-off-white-lot-01-of-50,Nike Dunk Low x Off-White 'Lot 01 of 50',<p>Nike Dunk Low x Off-White in Lot 01 of 50.</p>,Nike,Apparel & Accessories > Shoes,Sneakers,"Rare & Hype, rare, nike",FALSE,Size,UK 5,nike-dunk-low-x-off-white-lot-01-of-50-uk5,shopify,0,deny,manual,16500.00,TRUE,TRUE,https://images.stockx.com/images/Nike-Dunk-Low-Off-White-Lot-1-Product.jpg,1,Nike Dunk Low x Off-White 'Lot 01 of 50',draft
nike-dunk-low-x-off-white-lot-01-of-50,,,,,,,,,UK 6,nike-dunk-low-x-off-white-lot-01-of-50-uk6,shopify,0,deny,manual,16500.00,TRUE,TRUE,,,,
nike-dunk-low-x-off-white-lot-01-of-50,,,,,,,,,UK 7,nike-dunk-low-x-off-white-lot-01-of-50-uk7,shopify,0,deny,manual,16500.00,TRUE,TRUE,,,,
nike-dunk-low-x-off-white-lot-01-of-50,,,,,,,,,UK 8,nike-dunk-low-x-off-white-lot-01-of-50-uk8,shopify,0,deny,manual,16500.00,TRUE,TRUE,,,,
nike-dunk-low-x-off-white-lot-01-of-50,,,,,,,,,UK 9,nike-dunk-low-x-off-white-lot-01-of-50-uk9,shopify,0,deny,manual,16500.00,TRUE,TRUE,,,,
nike-dunk-low-x-off-white-lot-01-of-50,,,,,,,,,UK 10,nike-dunk-low-x-off-white-lot-01-of-50-uk10,shopify,0,deny,manual,16500.00,TRUE,TRUE,,,,
nike-dunk-low-x-off-white-lot-01-of-50,,,,,,,,,UK 11,nike-dunk-low-x-off-white-lot-01-of-50-uk11,shopify,0,deny,manual,16500.00,TRUE,TRUE,,,,
nike-dunk-low-x-off-white-lot-01-of-50,,,,,,,,,UK 12,nike-dunk-low-x-off-white-lot-01-of-50-uk12,shopify,0,deny,manual,16500.00,TRUE,TRUE,,,,
nike-sb-dunk-low-x-travis-scott-cactus-jack,Nike SB Dunk Low x Travis Scott 'Cactus Jack',<p>Nike SB Dunk Low x Travis Scott in Cactus Jack.</p>,Nike,Apparel & Accessories > Shoes,Sneakers,"Rare & Hype, rare, nike",FALSE,Size,UK 5,nike-sb-dunk-low-x-travis-scott-cactus-jack-uk5,shopify,0,deny,manual,38000.00,TRUE,TRUE,https://images.stockx.com/images/Nike-SB-Dunk-Low-Travis-Scott-Product.jpg,1,Nike SB Dunk Low x Travis Scott 'Cactus Jack',draft
nike-sb-dunk-low-x-travis-scott-cactus-jack,,,,,,,,,UK 6,nike-sb-dunk-low-x-travis-scott-cactus-jack-uk6,shopify,0,deny,manual,38000.00,TRUE,TRUE,,,,
nike-sb-dunk-low-x-travis-scott-cactus-jack,,,,,,,,,UK 7,nike-sb-dunk-low-x-travis-scott-cactus-jack-uk7,shopify,0,deny,manual,38000.00,TRUE,TRUE,,,,
nike-sb-dunk-low-x-travis-scott-cactus-jack,,,,,,,,,UK 8,nike-sb-dunk-low-x-travis-scott-cactus-jack-uk8,shopify,0,deny,manual,38000.00,TRUE,TRUE,,,,
nike-sb-dunk-low-x-travis-scott-cactus-jack,,,,,,,,,UK 9,nike-sb-dunk-low-x-travis-scott-cactus-jack-uk9,shopify,0,deny,manual,38000.00,TRUE,TRUE,,,,
nike-sb-dunk-low-x-travis-scott-cactus-jack,,,,,,,,,UK 10,nike-sb-dunk-low-x-travis-scott-cactus-jack-uk10,shopify,0,deny,manual,38000.00,TRUE,TRUE,,,,
nike-sb-dunk-low-x-travis-scott-cactus-jack,,,,,,,,,UK 11,nike-sb-dunk-low-x-travis-scott-cactus-jack-uk11,shopify,0,deny,manual,38000.00,TRUE,TRUE,,,,
nike-sb-dunk-low-x-travis-scott-cactus-jack,,,,,,,,,UK 12,nike-sb-dunk-low-x-travis-scott-cactus-jack-uk12,shopify,0,deny,manual,38000.00,TRUE,TRUE,,,,
nike-sb-dunk-low-x-ben-jerry-s-chunky-dunky,Nike SB Dunk Low x Ben & Jerry's 'Chunky Dunky',<p>Nike SB Dunk Low x Ben & Jerry's in Chunky Dunky.</p>,Nike,Apparel & Accessories > Shoes,Sneakers,"Rare & Hype, rare, nike",FALSE,Size,UK 5,nike-sb-dunk-low-x-ben-jerry-s-chunky-dunky-uk5,shopify,0,deny,manual,28000.00,TRUE,TRUE,https://images.stockx.com/images/Nike-SB-Dunk-Low-Ben-Jerrys-Chunky-Dunky-Product.jpg,1,Nike SB Dunk Low x Ben & Jerry's 'Chunky Dunky',draft
nike-sb-dunk-low-x-ben-jerry-s-chunky-dunky,,,,,,,,,UK 6,nike-sb-dunk-low-x-ben-jerry-s-chunky-dunky-uk6,shopify,0,deny,manual,28000.00,TRUE,TRUE,,,,
nike-sb-dunk-low-x-ben-jerry-s-chunky-dunky,,,,,,,,,UK 7,nike-sb-dunk-low-x-ben-jerry-s-chunky-dunky-uk7,shopify,0,deny,manual,28000.00,TRUE,TRUE,,,,
nike-sb-dunk-low-x-ben-jerry-s-chunky-dunky,,,,,,,,,UK 8,nike-sb-dunk-low-x-ben-jerry-s-chunky-dunky-uk8,shopify,0,deny,manual,28000.00,TRUE,TRUE,,,,
nike-sb-dunk-low-x-ben-jerry-s-chunky-dunky,,,,,,,,,UK 9,nike-sb-dunk-low-x-ben-jerry-s-chunky-dunky-uk9,shopify,0,deny,manual,28000.00,TRUE,TRUE,,,,
nike-sb-dunk-low-x-ben-jerry-s-chunky-dunky,,,,,,,,,UK 10,nike-sb-dunk-low-x-ben-jerry-s-chunky-dunky-uk10,shopify,0,deny,manual,28000.00,TRUE,TRUE,,,,
nike-sb-dunk-low-x-ben-jerry-s-chunky-dunky,,,,,,,,,UK 11,nike-sb-dunk-low-x-ben-jerry-s-chunky-dunky-uk11,shopify,0,deny,manual,28000.00,TRUE,TRUE,,,,
nike-sb-dunk-low-x-ben-jerry-s-chunky-dunky,,,,,,,,,UK 12,nike-sb-dunk-low-x-ben-jerry-s-chunky-dunky-uk12,shopify,0,deny,manual,28000.00,TRUE,TRUE,,,,
nike-sb-dunk-low-x-concepts-purple-lobster,Nike SB Dunk Low x Concepts 'Purple Lobster',<p>Nike SB Dunk Low x Concepts in Purple Lobster.</p>,Nike,Apparel & Accessories > Shoes,Sneakers,"Rare & Hype, rare, nike",FALSE,Size,UK 5,nike-sb-dunk-low-x-concepts-purple-lobster-uk5,shopify,0,deny,manual,14500.00,TRUE,TRUE,https://images.stockx.com/images/Nike-SB-Dunk-Low-Purple-Lobster-Product.jpg,1,Nike SB Dunk Low x Concepts 'Purple Lobster',draft
nike-sb-dunk-low-x-concepts-purple-lobster,,,,,,,,,UK 6,nike-sb-dunk-low-x-concepts-purple-lobster-uk6,shopify,0,deny,manual,14500.00,TRUE,TRUE,,,,
nike-sb-dunk-low-x-concepts-purple-lobster,,,,,,,,,UK 7,nike-sb-dunk-low-x-concepts-purple-lobster-uk7,shopify,0,deny,manual,14500.00,TRUE,TRUE,,,,
nike-sb-dunk-low-x-concepts-purple-lobster,,,,,,,,,UK 8,nike-sb-dunk-low-x-concepts-purple-lobster-uk8,shopify,0,deny,manual,14500.00,TRUE,TRUE,,,,
nike-sb-dunk-low-x-concepts-purple-lobster,,,,,,,,,UK 9,nike-sb-dunk-low-x-concepts-purple-lobster-uk9,shopify,0,deny,manual,14500.00,TRUE,TRUE,,,,
nike-sb-dunk-low-x-concepts-purple-lobster,,,,,,,,,UK 10,nike-sb-dunk-low-x-concepts-purple-lobster-uk10,shopify,0,deny,manual,14500.00,TRUE,TRUE,,,,
nike-sb-dunk-low-x-concepts-purple-lobster,,,,,,,,,UK 11,nike-sb-dunk-low-x-concepts-purple-lobster-uk11,shopify,0,deny,manual,14500.00,TRUE,TRUE,,,,
nike-sb-dunk-low-x-concepts-purple-lobster,,,,,,,,,UK 12,nike-sb-dunk-low-x-concepts-purple-lobster-uk12,shopify,0,deny,manual,14500.00,TRUE,TRUE,,,,
nike-ldwaffle-x-sacai-black-nylon,Nike LDWaffle x Sacai 'Black Nylon',<p>Nike LDWaffle x Sacai in Black Nylon.</p>,Nike,Apparel & Accessories > Shoes,Sneakers,"Rare & Hype, rare, nike",FALSE,Size,UK 5,nike-ldwaffle-x-sacai-black-nylon-uk5,shopify,0,deny,manual,9500.00,TRUE,TRUE,https://images.stockx.com/images/Nike-LD-Waffle-sacai-Black-Nylon-Product.jpg,1,Nike LDWaffle x Sacai 'Black Nylon',draft
nike-ldwaffle-x-sacai-black-nylon,,,,,,,,,UK 6,nike-ldwaffle-x-sacai-black-nylon-uk6,shopify,0,deny,manual,9500.00,TRUE,TRUE,,,,
nike-ldwaffle-x-sacai-black-nylon,,,,,,,,,UK 7,nike-ldwaffle-x-sacai-black-nylon-uk7,shopify,0,deny,manual,9500.00,TRUE,TRUE,,,,
nike-ldwaffle-x-sacai-black-nylon,,,,,,,,,UK 8,nike-ldwaffle-x-sacai-black-nylon-uk8,shopify,0,deny,manual,9500.00,TRUE,TRUE,,,,
nike-ldwaffle-x-sacai-black-nylon,,,,,,,,,UK 9,nike-ldwaffle-x-sacai-black-nylon-uk9,shopify,0,deny,manual,9500.00,TRUE,TRUE,,,,
nike-ldwaffle-x-sacai-black-nylon,,,,,,,,,UK 10,nike-ldwaffle-x-sacai-black-nylon-uk10,shopify,0,deny,manual,9500.00,TRUE,TRUE,,,,
nike-ldwaffle-x-sacai-black-nylon,,,,,,,,,UK 11,nike-ldwaffle-x-sacai-black-nylon-uk11,shopify,0,deny,manual,9500.00,TRUE,TRUE,,,,
nike-ldwaffle-x-sacai-black-nylon,,,,,,,,,UK 12,nike-ldwaffle-x-sacai-black-nylon-uk12,shopify,0,deny,manual,9500.00,TRUE,TRUE,,,,
adidas-yeezy-boost-350-v2-zebra,adidas Yeezy Boost 350 V2 'Zebra',<p>adidas Yeezy Boost 350 V2 in Zebra.</p>,adidas,Apparel & Accessories > Shoes,Sneakers,"Rare & Hype, rare, adidas",FALSE,Size,UK 5,adidas-yeezy-boost-350-v2-zebra-uk5,shopify,0,deny,manual,6500.00,TRUE,TRUE,https://images.stockx.com/images/Adidas-Yeezy-Boost-350-V2-White-Core-Black-Red-Product.jpg,1,adidas Yeezy Boost 350 V2 'Zebra',draft
adidas-yeezy-boost-350-v2-zebra,,,,,,,,,UK 6,adidas-yeezy-boost-350-v2-zebra-uk6,shopify,0,deny,manual,6500.00,TRUE,TRUE,,,,
adidas-yeezy-boost-350-v2-zebra,,,,,,,,,UK 7,adidas-yeezy-boost-350-v2-zebra-uk7,shopify,0,deny,manual,6500.00,TRUE,TRUE,,,,
adidas-yeezy-boost-350-v2-zebra,,,,,,,,,UK 8,adidas-yeezy-boost-350-v2-zebra-uk8,shopify,0,deny,manual,6500.00,TRUE,TRUE,,,,
adidas-yeezy-boost-350-v2-zebra,,,,,,,,,UK 9,adidas-yeezy-boost-350-v2-zebra-uk9,shopify,0,deny,manual,6500.00,TRUE,TRUE,,,,
adidas-yeezy-boost-350-v2-zebra,,,,,,,,,UK 10,adidas-yeezy-boost-350-v2-zebra-uk10,shopify,0,deny,manual,6500.00,TRUE,TRUE,,,,
adidas-yeezy-boost-350-v2-zebra,,,,,,,,,UK 11,adidas-yeezy-boost-350-v2-zebra-uk11,shopify,0,deny,manual,6500.00,TRUE,TRUE,,,,
adidas-yeezy-boost-350-v2-zebra,,,,,,,,,UK 12,adidas-yeezy-boost-350-v2-zebra-uk12,shopify,0,deny,manual,6500.00,TRUE,TRUE,,,,
adidas-yeezy-boost-700-wave-runner,adidas Yeezy Boost 700 'Wave Runner',<p>adidas Yeezy Boost 700 in Wave Runner.</p>,adidas,Apparel & Accessories > Shoes,Sneakers,"Rare & Hype, rare, adidas",FALSE,Size,UK 5,adidas-yeezy-boost-700-wave-runner-uk5,shopify,0,deny,manual,7500.00,TRUE,TRUE,https://images.stockx.com/images/Adidas-Yeezy-Wave-Runner-700-Solid-Grey-Product.jpg,1,adidas Yeezy Boost 700 'Wave Runner',draft
adidas-yeezy-boost-700-wave-runner,,,,,,,,,UK 6,adidas-yeezy-boost-700-wave-runner-uk6,shopify,0,deny,manual,7500.00,TRUE,TRUE,,,,
adidas-yeezy-boost-700-wave-runner,,,,,,,,,UK 7,adidas-yeezy-boost-700-wave-runner-uk7,shopify,0,deny,manual,7500.00,TRUE,TRUE,,,,
adidas-yeezy-boost-700-wave-runner,,,,,,,,,UK 8,adidas-yeezy-boost-700-wave-runner-uk8,shopify,0,deny,manual,7500.00,TRUE,TRUE,,,,
adidas-yeezy-boost-700-wave-runner,,,,,,,,,UK 9,adidas-yeezy-boost-700-wave-runner-uk9,shopify,0,deny,manual,7500.00,TRUE,TRUE,,,,
adidas-yeezy-boost-700-wave-runner,,,,,,,,,UK 10,adidas-yeezy-boost-700-wave-runner-uk10,shopify,0,deny,manual,7500.00,TRUE,TRUE,,,,
adidas-yeezy-boost-700-wave-runner,,,,,,,,,UK 11,adidas-yeezy-boost-700-wave-runner-uk11,shopify,0,deny,manual,7500.00,TRUE,TRUE,,,,
adidas-yeezy-boost-700-wave-runner,,,,,,,,,UK 12,adidas-yeezy-boost-700-wave-runner-uk12,shopify,0,deny,manual,7500.00,TRUE,TRUE,,,,
adidas-yeezy-foam-runner-onyx,adidas Yeezy Foam Runner 'Onyx',<p>adidas Yeezy Foam Runner in Onyx.</p>,adidas,Apparel & Accessories > Shoes,Sneakers,"Rare & Hype, rare, adidas",FALSE,Size,UK 5,adidas-yeezy-foam-runner-onyx-uk5,shopify,0,deny,manual,3999.00,TRUE,TRUE,https://images.stockx.com/images/adidas-Yeezy-Foam-RNNR-Onyx-Product.jpg,1,adidas Yeezy Foam Runner 'Onyx',draft
adidas-yeezy-foam-runner-onyx,,,,,,,,,UK 6,adidas-yeezy-foam-runner-onyx-uk6,shopify,0,deny,manual,3999.00,TRUE,TRUE,,,,
adidas-yeezy-foam-runner-onyx,,,,,,,,,UK 7,adidas-yeezy-foam-runner-onyx-uk7,shopify,0,deny,manual,3999.00,TRUE,TRUE,,,,
adidas-yeezy-foam-runner-onyx,,,,,,,,,UK 8,adidas-yeezy-foam-runner-onyx-uk8,shopify,0,deny,manual,3999.00,TRUE,TRUE,,,,
adidas-yeezy-foam-runner-onyx,,,,,,,,,UK 9,adidas-yeezy-foam-runner-onyx-uk9,shopify,0,deny,manual,3999.00,TRUE,TRUE,,,,
adidas-yeezy-foam-runner-onyx,,,,,,,,,UK 10,adidas-yeezy-foam-runner-onyx-uk10,shopify,0,deny,manual,3999.00,TRUE,TRUE,,,,
adidas-yeezy-foam-runner-onyx,,,,,,,,,UK 11,adidas-yeezy-foam-runner-onyx-uk11,shopify,0,deny,manual,3999.00,TRUE,TRUE,,,,
adidas-yeezy-foam-runner-onyx,,,,,,,,,UK 12,adidas-yeezy-foam-runner-onyx-uk12,shopify,0,deny,manual,3999.00,TRUE,TRUE,,,,
adidas-samba-x-wales-bonner-cream-green,adidas Samba x Wales Bonner 'Cream Green',<p>adidas Samba x Wales Bonner in Cream Green.</p>,adidas,Apparel & Accessories > Shoes,Sneakers,"Rare & Hype, rare, adidas",FALSE,Size,UK 5,adidas-samba-x-wales-bonner-cream-green-uk5,shopify,0,deny,manual,7500.00,TRUE,TRUE,https://images.stockx.com/images/adidas-Samba-Wales-Bonner-Cream-Green-Product.jpg,1,adidas Samba x Wales Bonner 'Cream Green',draft
adidas-samba-x-wales-bonner-cream-green,,,,,,,,,UK 6,adidas-samba-x-wales-bonner-cream-green-uk6,shopify,0,deny,manual,7500.00,TRUE,TRUE,,,,
adidas-samba-x-wales-bonner-cream-green,,,,,,,,,UK 7,adidas-samba-x-wales-bonner-cream-green-uk7,shopify,0,deny,manual,7500.00,TRUE,TRUE,,,,
adidas-samba-x-wales-bonner-cream-green,,,,,,,,,UK 8,adidas-samba-x-wales-bonner-cream-green-uk8,shopify,0,deny,manual,7500.00,TRUE,TRUE,,,,
adidas-samba-x-wales-bonner-cream-green,,,,,,,,,UK 9,adidas-samba-x-wales-bonner-cream-green-uk9,shopify,0,deny,manual,7500.00,TRUE,TRUE,,,,
adidas-samba-x-wales-bonner-cream-green,,,,,,,,,UK 10,adidas-samba-x-wales-bonner-cream-green-uk10,shopify,0,deny,manual,7500.00,TRUE,TRUE,,,,
adidas-samba-x-wales-bonner-cream-green,,,,,,,,,UK 11,adidas-samba-x-wales-bonner-cream-green-uk11,shopify,0,deny,manual,7500.00,TRUE,TRUE,,,,
adidas-samba-x-wales-bonner-cream-green,,,,,,,,,UK 12,adidas-samba-x-wales-bonner-cream-green-uk12,shopify,0,deny,manual,7500.00,TRUE,TRUE,,,,
adidas-forum-low-x-bad-bunny-easter-egg,adidas Forum Low x Bad Bunny 'Easter Egg',<p>adidas Forum Low x Bad Bunny in Easter Egg.</p>,adidas,Apparel & Accessories > Shoes,Sneakers,"Rare & Hype, rare, adidas",FALSE,Size,UK 5,adidas-forum-low-x-bad-bunny-easter-egg-uk5,shopify,0,deny,manual,6500.00,TRUE,TRUE,https://images.stockx.com/images/adidas-Forum-Low-Bad-Bunny-Easter-Egg-Product.jpg,1,adidas Forum Low x Bad Bunny 'Easter Egg',draft
adidas-forum-low-x-bad-bunny-easter-egg,,,,,,,,,UK 6,adidas-forum-low-x-bad-bunny-easter-egg-uk6,shopify,0,deny,manual,6500.00,TRUE,TRUE,,,,
adidas-forum-low-x-bad-bunny-easter-egg,,,,,,,,,UK 7,adidas-forum-low-x-bad-bunny-easter-egg-uk7,shopify,0,deny,manual,6500.00,TRUE,TRUE,,,,
adidas-forum-low-x-bad-bunny-easter-egg,,,,,,,,,UK 8,adidas-forum-low-x-bad-bunny-easter-egg-uk8,shopify,0,deny,manual,6500.00,TRUE,TRUE,,,,
adidas-forum-low-x-bad-bunny-easter-egg,,,,,,,,,UK 9,adidas-forum-low-x-bad-bunny-easter-egg-uk9,shopify,0,deny,manual,6500.00,TRUE,TRUE,,,,
adidas-forum-low-x-bad-bunny-easter-egg,,,,,,,,,UK 10,adidas-forum-low-x-bad-bunny-easter-egg-uk10,shopify,0,deny,manual,6500.00,TRUE,TRUE,,,,
adidas-forum-low-x-bad-bunny-easter-egg,,,,,,,,,UK 11,adidas-forum-low-x-bad-bunny-easter-egg-uk11,shopify,0,deny,manual,6500.00,TRUE,TRUE,,,,
adidas-forum-low-x-bad-bunny-easter-egg,,,,,,,,,UK 12,adidas-forum-low-x-bad-bunny-easter-egg-uk12,shopify,0,deny,manual,6500.00,TRUE,TRUE,,,,
new-balance-550-x-aime-leon-dore-white-green,New Balance 550 x Aime Leon Dore 'White Green',<p>New Balance 550 x Aime Leon Dore in White Green.</p>,New Balance,Apparel & Accessories > Shoes,Sneakers,"Rare & Hype, rare, new balance",FALSE,Size,UK 5,new-balance-550-x-aime-leon-dore-white-green-uk5,shopify,0,deny,manual,8500.00,TRUE,TRUE,https://images.stockx.com/images/New-Balance-550-Aime-Leon-Dore-White-Green-Product.jpg,1,New Balance 550 x Aime Leon Dore 'White Green',draft
new-balance-550-x-aime-leon-dore-white-green,,,,,,,,,UK 6,new-balance-550-x-aime-leon-dore-white-green-uk6,shopify,0,deny,manual,8500.00,TRUE,TRUE,,,,
new-balance-550-x-aime-leon-dore-white-green,,,,,,,,,UK 7,new-balance-550-x-aime-leon-dore-white-green-uk7,shopify,0,deny,manual,8500.00,TRUE,TRUE,,,,
new-balance-550-x-aime-leon-dore-white-green,,,,,,,,,UK 8,new-balance-550-x-aime-leon-dore-white-green-uk8,shopify,0,deny,manual,8500.00,TRUE,TRUE,,,,
new-balance-550-x-aime-leon-dore-white-green,,,,,,,,,UK 9,new-balance-550-x-aime-leon-dore-white-green-uk9,shopify,0,deny,manual,8500.00,TRUE,TRUE,,,,
new-balance-550-x-aime-leon-dore-white-green,,,,,,,,,UK 10,new-balance-550-x-aime-leon-dore-white-green-uk10,shopify,0,deny,manual,8500.00,TRUE,TRUE,,,,
new-balance-550-x-aime-leon-dore-white-green,,,,,,,,,UK 11,new-balance-550-x-aime-leon-dore-white-green-uk11,shopify,0,deny,manual,8500.00,TRUE,TRUE,,,,
new-balance-550-x-aime-leon-dore-white-green,,,,,,,,,UK 12,new-balance-550-x-aime-leon-dore-white-green-uk12,shopify,0,deny,manual,8500.00,TRUE,TRUE,,,,
new-balance-9060-x-salehe-bembury-sea-salt,New Balance 9060 x Salehe Bembury 'Sea Salt',<p>New Balance 9060 x Salehe Bembury in Sea Salt.</p>,New Balance,Apparel & Accessories > Shoes,Sneakers,"Rare & Hype, rare, new balance",FALSE,Size,UK 5,new-balance-9060-x-salehe-bembury-sea-salt-uk5,shopify,0,deny,manual,6500.00,TRUE,TRUE,https://images.stockx.com/images/New-Balance-9060-Salehe-Bembury-Ivory-Product.jpg,1,New Balance 9060 x Salehe Bembury 'Sea Salt',draft
new-balance-9060-x-salehe-bembury-sea-salt,,,,,,,,,UK 6,new-balance-9060-x-salehe-bembury-sea-salt-uk6,shopify,0,deny,manual,6500.00,TRUE,TRUE,,,,
new-balance-9060-x-salehe-bembury-sea-salt,,,,,,,,,UK 7,new-balance-9060-x-salehe-bembury-sea-salt-uk7,shopify,0,deny,manual,6500.00,TRUE,TRUE,,,,
new-balance-9060-x-salehe-bembury-sea-salt,,,,,,,,,UK 8,new-balance-9060-x-salehe-bembury-sea-salt-uk8,shopify,0,deny,manual,6500.00,TRUE,TRUE,,,,
new-balance-9060-x-salehe-bembury-sea-salt,,,,,,,,,UK 9,new-balance-9060-x-salehe-bembury-sea-salt-uk9,shopify,0,deny,manual,6500.00,TRUE,TRUE,,,,
new-balance-9060-x-salehe-bembury-sea-salt,,,,,,,,,UK 10,new-balance-9060-x-salehe-bembury-sea-salt-uk10,shopify,0,deny,manual,6500.00,TRUE,TRUE,,,,
new-balance-9060-x-salehe-bembury-sea-salt,,,,,,,,,UK 11,new-balance-9060-x-salehe-bembury-sea-salt-uk11,shopify,0,deny,manual,6500.00,TRUE,TRUE,,,,
new-balance-9060-x-salehe-bembury-sea-salt,,,,,,,,,UK 12,new-balance-9060-x-salehe-bembury-sea-salt-uk12,shopify,0,deny,manual,6500.00,TRUE,TRUE,,,,
asics-gel-lyte-iii-x-kith-ronnie-fieg-salmon-toe,ASICS Gel-Lyte III x Kith 'Ronnie Fieg Salmon Toe',<p>ASICS Gel-Lyte III x Kith in Ronnie Fieg Salmon Toe.</p>,ASICS,Apparel & Accessories > Shoes,Sneakers,"Rare & Hype, rare, asics",FALSE,Size,UK 5,asics-gel-lyte-iii-x-kith-ronnie-fieg-salmon-toe-uk5,shopify,0,deny,manual,7500.00,TRUE,TRUE,https://images.stockx.com/images/ASICS-Gel-Lyte-III-Ronnie-Fieg-Salmon-Toe-Product.jpg,1,ASICS Gel-Lyte III x Kith 'Ronnie Fieg Salmon Toe',draft
asics-gel-lyte-iii-x-kith-ronnie-fieg-salmon-toe,,,,,,,,,UK 6,asics-gel-lyte-iii-x-kith-ronnie-fieg-salmon-toe-uk6,shopify,0,deny,manual,7500.00,TRUE,TRUE,,,,
asics-gel-lyte-iii-x-kith-ronnie-fieg-salmon-toe,,,,,,,,,UK 7,asics-gel-lyte-iii-x-kith-ronnie-fieg-salmon-toe-uk7,shopify,0,deny,manual,7500.00,TRUE,TRUE,,,,
asics-gel-lyte-iii-x-kith-ronnie-fieg-salmon-toe,,,,,,,,,UK 8,asics-gel-lyte-iii-x-kith-ronnie-fieg-salmon-toe-uk8,shopify,0,deny,manual,7500.00,TRUE,TRUE,,,,
asics-gel-lyte-iii-x-kith-ronnie-fieg-salmon-toe,,,,,,,,,UK 9,asics-gel-lyte-iii-x-kith-ronnie-fieg-salmon-toe-uk9,shopify,0,deny,manual,7500.00,TRUE,TRUE,,,,
asics-gel-lyte-iii-x-kith-ronnie-fieg-salmon-toe,,,,,,,,,UK 10,asics-gel-lyte-iii-x-kith-ronnie-fieg-salmon-toe-uk10,shopify,0,deny,manual,7500.00,TRUE,TRUE,,,,
asics-gel-lyte-iii-x-kith-ronnie-fieg-salmon-toe,,,,,,,,,UK 11,asics-gel-lyte-iii-x-kith-ronnie-fieg-salmon-toe-uk11,shopify,0,deny,manual,7500.00,TRUE,TRUE,,,,
asics-gel-lyte-iii-x-kith-ronnie-fieg-salmon-toe,,,,,,,,,UK 12,asics-gel-lyte-iii-x-kith-ronnie-fieg-salmon-toe-uk12,shopify,0,deny,manual,7500.00,TRUE,TRUE,,,,
gucci-gazelle-x-adidas-pink,Gucci Gazelle x adidas 'Pink',<p>Gucci Gazelle x adidas in Pink.</p>,Gucci,Apparel & Accessories > Shoes,Sneakers,"Rare & Hype, rare, gucci",FALSE,Size,UK 5,gucci-gazelle-x-adidas-pink-uk5,shopify,0,deny,manual,21500.00,TRUE,TRUE,https://images.stockx.com/images/adidas-Gazelle-Gucci-Pink-Product.jpg,1,Gucci Gazelle x adidas 'Pink',draft
gucci-gazelle-x-adidas-pink,,,,,,,,,UK 6,gucci-gazelle-x-adidas-pink-uk6,shopify,0,deny,manual,21500.00,TRUE,TRUE,,,,
gucci-gazelle-x-adidas-pink,,,,,,,,,UK 7,gucci-gazelle-x-adidas-pink-uk7,shopify,0,deny,manual,21500.00,TRUE,TRUE,,,,
gucci-gazelle-x-adidas-pink,,,,,,,,,UK 8,gucci-gazelle-x-adidas-pink-uk8,shopify,0,deny,manual,21500.00,TRUE,TRUE,,,,
gucci-gazelle-x-adidas-pink,,,,,,,,,UK 9,gucci-gazelle-x-adidas-pink-uk9,shopify,0,deny,manual,21500.00,TRUE,TRUE,,,,
gucci-gazelle-x-adidas-pink,,,,,,,,,UK 10,gucci-gazelle-x-adidas-pink-uk10,shopify,0,deny,manual,21500.00,TRUE,TRUE,,,,
gucci-gazelle-x-adidas-pink,,,,,,,,,UK 11,gucci-gazelle-x-adidas-pink-uk11,shopify,0,deny,manual,21500.00,TRUE,TRUE,,,,
gucci-gazelle-x-adidas-pink,,,,,,,,,UK 12,gucci-gazelle-x-adidas-pink-uk12,shopify,0,deny,manual,21500.00,TRUE,TRUE,,,,
balenciaga-speed-x-adidas-black,Balenciaga Speed x adidas 'Black',<p>Balenciaga Speed x adidas in Black.</p>,Balenciaga,Apparel & Accessories > Shoes,Sneakers,"Rare & Hype, rare, balenciaga",FALSE,Size,UK 5,balenciaga-speed-x-adidas-black-uk5,shopify,0,deny,manual,23500.00,TRUE,TRUE,https://images.stockx.com/images/Balenciaga-x-adidas-Speed-Black-Product.jpg,1,Balenciaga Speed x adidas 'Black',draft
balenciaga-speed-x-adidas-black,,,,,,,,,UK 6,balenciaga-speed-x-adidas-black-uk6,shopify,0,deny,manual,23500.00,TRUE,TRUE,,,,
balenciaga-speed-x-adidas-black,,,,,,,,,UK 7,balenciaga-speed-x-adidas-black-uk7,shopify,0,deny,manual,23500.00,TRUE,TRUE,,,,
balenciaga-speed-x-adidas-black,,,,,,,,,UK 8,balenciaga-speed-x-adidas-black-uk8,shopify,0,deny,manual,23500.00,TRUE,TRUE,,,,
balenciaga-speed-x-adidas-black,,,,,,,,,UK 9,balenciaga-speed-x-adidas-black-uk9,shopify,0,deny,manual,23500.00,TRUE,TRUE,,,,
balenciaga-speed-x-adidas-black,,,,,,,,,UK 10,balenciaga-speed-x-adidas-black-uk10,shopify,0,deny,manual,23500.00,TRUE,TRUE,,,,
balenciaga-speed-x-adidas-black,,,,,,,,,UK 11,balenciaga-speed-x-adidas-black-uk11,shopify,0,deny,manual,23500.00,TRUE,TRUE,,,,
balenciaga-speed-x-adidas-black,,,,,,,,,UK 12,balenciaga-speed-x-adidas-black-uk12,shopify,0,deny,manual,23500.00,TRUE,TRUE,,,,
